	medoids	medoids_index	medoids_GR	itemset	itemset_index	itemset_GR	item	item_index	item_GR	itemset*GR	itemset*GR_index	itemset*GR_GR	item*GR	item*GR_index	item*GR_GR	itemset*recouvrement	itemset*recouvrement_index	itemset*recouvrement_GR	item*recouvrement	item*recouvrement_index	item*recouvrement_GR
0	{wp_▁Historique} {wp_▁Historique} {wp_▁localisation}	[{11962}, {11962}, {11965}]	121.0	{wp_▁localisation} {wp_▁localisation} {wp_▁Historique} {wp_▁Historique} {wp_▁localisation}	[{11965}, {11965}, {11962}, {11962}, {11965}]	0.33519553072625696	{wp_▁localisation} {wp_▁localisation} {wp_▁Historique} {form_Dynamiques,wp_▁Historique} {wp_▁localisation}	[{11965}, {11965}, {11962}, {11968, 11962}, {11965}]	0.2569832402234637	{wp_▁Historique} {wp_▁Historique} {wp_▁localisation}	[{11962}, {11962}, {11965}]	121.0	{wp_▁Historique} {wp_▁Historique} {wp_▁localisation}	[{11962}, {11962}, {11965}]	121.0	{wp_▁Historique} {wp_▁Historique} {wp_▁localisation}	[{11962}, {11962}, {11965}]	121.0	{wp_▁Historique} {wp_▁Historique} {wp_▁localisation}	[{11962}, {11962}, {11965}]	121.0
1	{wp_▁localisation} {form_placé}	[{11965}, {11983}]	0.40782122905027934	{wp_▁localisation}	[{11965}]	177.0	{wp_▁localisation,form_placé}	[{11965, 11983}]	87.0	{wp_▁localisation}	[{11965}]	177.0	{wp_▁localisation}	[{11965}]	177.0	{wp_▁localisation}	[{11965}]	177.0	{wp_▁localisation}	[{11965}]	177.0
2	{wp_▁localisation} {wp_▁localisation,form_placé} {wp_▁localisation}	[{11965}, {11965, 11983}, {11965}]	0.27932960893854747	{wp_▁localisation} {wp_▁localisation}	[{11965}, {11965}]	144.0	{lemma_localisation,wp_▁localisation,lemma_),wp_▁)}	[{11964, 11965, 214, 215}]	0.26256983240223464	{wp_▁localisation} {wp_▁localisation}	[{11965}, {11965}]	144.0	{lemma_localisation,wp_▁localisation}	[{11964, 11965}]	172.0	{wp_▁localisation} {wp_▁localisation}	[{11965}, {11965}]	144.0	{lemma_localisation,wp_▁localisation}	[{11964, 11965}]	172.0
3	{wp_▁localisation} {lemma_7114} {wp_▁localisation} {wp_▁Historique}	[{11965}, {11976}, {11965}, {11962}]	0.3016759776536313	{wp_▁localisation} {lemma_7114} {wp_▁localisation} {wp_▁localisation}	[{11965}, {11976}, {11965}, {11965}]	0.4022346368715084	{lemma_7114,wp_▁Historique} {form_Dynamiques,wp_▁Historique,lemma_7114} {lemma_de,form_2001,wp_▁localisation} {lemma_7114}	[{11976, 11962}, {11968, 11962, 11976}, {9, 11978, 11965}, {11976}]	0.3016759776536313	{wp_▁localisation} {lemma_7114} {wp_▁localisation}	[{11965}, {11976}, {11965}]	121.0	{lemma_7114} {lemma_7114,wp_▁Historique} {wp_▁localisation}	[{11976}, {11976, 11962}, {11965}]	121.0	{wp_▁localisation} {lemma_7114} {wp_▁localisation}	[{11965}, {11976}, {11965}]	121.0	{lemma_7114} {lemma_7114,wp_▁Historique} {wp_▁localisation}	[{11976}, {11976, 11962}, {11965}]	121.0
4	{form_Dynamiques,lemma_7114} {wp_'}	[{11968, 11976}, {23}]	0.29608938547486036	{form_Dynamiques,lemma_7114} {wp_'}	[{11968, 11976}, {23}]	0.29608938547486036	{lemma_le,wp_▁l,lemma_7114,form_RER,pos_DET,wp_▁restés,wp_'} {form_Dynamiques,lemma_7114}	[{104, 105, 11976, 12073, 80, 12052, 23}, {11968, 11976}]	50.0	{wp_'} {lemma_7114}	[{23}, {11976}]	89.0	{lemma_le,form_RER,lemma_7114,pos_DET,wp_▁restés,wp_'} {form_Dynamiques,lemma_7114}	[{104, 12073, 11976, 80, 12052, 23}, {11968, 11976}]	51.0	{wp_'} {lemma_7114}	[{23}, {11976}]	89.0	{wp_'} {form_Dynamiques,lemma_7114}	[{23}, {11968, 11976}]	72.0
5	{lemma_de,form_2001,wp_▁localisation} {form_Dynamiques,lemma_7114}	[{9, 11978, 11965}, {11968, 11976}]	0.49162011173184356	{lemma_de,form_2001,wp_▁localisation}	[{9, 11978, 11965}]	138.0	{lemma_de,form_2001,wp_▁localisation,wp_▁d}	[{9, 11978, 11965, 22}]	0.3687150837988827	{form_Dynamiques,lemma_7114}	[{11968, 11976}]	168.0	{lemma_de,form_2001,wp_▁localisation}	[{9, 11978, 11965}]	138.0	{form_Dynamiques,lemma_7114}	[{11968, 11976}]	168.0	{form_Dynamiques,wp_▁Historique,lemma_7114}	[{11968, 11962, 11976}]	151.0
6	{wp_▁localisation} {lemma_7114}	[{11965}, {11976}]	156.0	{wp_▁localisation} {lemma_7114}	[{11965}, {11976}]	156.0	{wp_▁le,lemma_le,form_RER,lemma_7114,pos_DET,wp_▁restés,wp_▁Historique} {form_Dynamiques,wp_▁Historique,lemma_7114} {wp_▁localisation} {lemma_7114}	[{229, 104, 12073, 11976, 80, 12052, 11962}, {11968, 11962, 11976}, {11965}, {11976}]	0.2737430167597765	{wp_▁localisation} {lemma_7114}	[{11965}, {11976}]	156.0	{wp_▁localisation} {lemma_7114}	[{11965}, {11976}]	156.0	{wp_▁localisation} {lemma_7114}	[{11965}, {11976}]	156.0	{wp_▁localisation} {lemma_7114}	[{11965}, {11976}]	156.0
7	{wp_▁localisation} {lemma_7114,form_acquisition} {form_Dynamiques}	[{11965}, {11976, 12005}, {11968}]	66.0	{form_Dynamiques} {wp_▁localisation} {lemma_7114} {wp_▁localisation}	[{11968}, {11965}, {11976}, {11965}]	84.0	{form_Dynamiques,wp_▁Historique,lemma_7114} {form_2001,wp_▁localisation} {form_Dynamiques,form_acquisition,lemma_7114}	[{11968, 11962, 11976}, {11978, 11965}, {11968, 12005, 11976}]	0.26256983240223464	{wp_▁localisation} {lemma_7114} {form_Dynamiques}	[{11965}, {11976}, {11968}]	114.0	{form_Dynamiques,wp_▁Historique}	[{11968, 11962}]	157.0	{wp_▁localisation} {lemma_7114} {form_Dynamiques}	[{11965}, {11976}, {11968}]	114.0	{form_Dynamiques,wp_▁Historique}	[{11968, 11962}]	157.0
8	{wp_▁localisation} {form_Dynamiques,form_acquisition} {form_2001,wp_▁localisation} {lemma_7114}	[{11965}, {11968, 12005}, {11978, 11965}, {11976}]	0.27932960893854747	{wp_▁localisation} {wp_▁localisation} {lemma_7114}	[{11965}, {11965}, {11976}]	109.0	{form_Dynamiques,lemma_7114} {wp_▁localisation} {pos_DET,wp_▁restés,lemma_7114} {form_Dynamiques,lemma_7114}	[{11968, 11976}, {11965}, {80, 12052, 11976}, {11968, 11976}]	0.29608938547486036	{lemma_7114} {wp_▁localisation}	[{11976}, {11965}]	163.0	{lemma_7114} {wp_▁localisation}	[{11976}, {11965}]	163.0	{lemma_7114} {wp_▁localisation}	[{11976}, {11965}]	163.0	{lemma_7114} {wp_▁localisation}	[{11976}, {11965}]	163.0
9	{form_2001,wp_▁localisation} {form_Dynamiques,form_acquisition,lemma_7114} {wp_▁localisation} {lemma_7114}	[{11978, 11965}, {11968, 12005, 11976}, {11965}, {11976}]	0.2569832402234637	{wp_▁localisation} {lemma_7114} {wp_▁localisation} {lemma_7114,form_acquisition}	[{11965}, {11976}, {11965}, {11976, 12005}]	0.2569832402234637	{form_Dynamiques,form_acquisition,lemma_7114} {wp_▁localisation} {form_2001,wp_▁localisation}	[{11968, 12005, 11976}, {11965}, {11978, 11965}]	0.30726256983240224	{lemma_7114,form_acquisition} {wp_▁localisation} {lemma_7114}	[{11976, 12005}, {11965}, {11976}]	83.0	{wp_▁localisation} {lemma_7114} {form_Dynamiques,form_acquisition,lemma_7114}	[{11965}, {11976}, {11968, 12005, 11976}]	79.0	{wp_▁localisation} {lemma_7114} {lemma_de,form_2001,wp_▁localisation}	[{11965}, {11976}, {9, 11978, 11965}]	0.29608938547486036	{wp_▁localisation} {lemma_7114} {lemma_de,form_2001,wp_▁localisation}	[{11965}, {11976}, {9, 11978, 11965}]	0.29608938547486036
10	{lemma_7114,wp_▁Historique} {lemma_de,form_2001,wp_▁localisation} {form_Dynamiques,form_acquisition}	[{11976, 11962}, {9, 11978, 11965}, {11968, 12005}]	0.2905027932960894	{lemma_7114,wp_▁Historique} {lemma_de,form_2001,wp_▁localisation}	[{11976, 11962}, {9, 11978, 11965}]	90.0	{lemma_de,form_2001,wp_▁de,wp_▁localisation}	[{9, 11978, 12, 11965}]	135.0	{lemma_7114,wp_▁Historique}	[{11976, 11962}]	153.0	{lemma_de,form_2001,wp_▁de,wp_▁localisation}	[{9, 11978, 12, 11965}]	135.0	{lemma_7114,wp_▁Historique}	[{11976, 11962}]	153.0	{lemma_7114,wp_▁Historique}	[{11976, 11962}]	153.0
11	{lemma_7114} {form_placé} {wp_▁localisation}	[{11976}, {11983}, {11965}]	0.3463687150837989	{form_placé} {wp_▁localisation} {wp_▁localisation}	[{11983}, {11965}, {11965}]	0.2737430167597765	{lemma_7114} {wp_▁localisation,form_placé} {wp_▁localisation}	[{11976}, {11965, 11983}, {11965}]	0.25139664804469275	{lemma_7114} {form_placé} {wp_▁localisation}	[{11976}, {11983}, {11965}]	0.3463687150837989	{lemma_7114} {wp_▁localisation,form_placé} {wp_▁localisation}	[{11976}, {11965, 11983}, {11965}]	0.25139664804469275	{lemma_7114} {wp_▁localisation} {form_placé}	[{11976}, {11965}, {11983}]	0.329608938547486	{lemma_7114} {wp_▁localisation} {form_placé}	[{11976}, {11965}, {11983}]	0.329608938547486
12	{pos_DET,wp_▁restés,lemma_7114} {lemma_7114,form_acquisition} {wp_▁localisation}	[{80, 12052, 11976}, {11976, 12005}, {11965}]	74.0	{wp_▁localisation} {pos_DET,wp_▁restés,lemma_7114}	[{11965}, {80, 12052, 11976}]	116.0	{form_acquisition,lemma_le,form_RER,lemma_7114,pos_DET,wp_▁restés,wp_▁la} {lemma_7114,form_acquisition}	[{12005, 104, 12073, 11976, 80, 12052, 117}, {11976, 12005}]	65.0	{lemma_7114,form_acquisition} {wp_▁localisation}	[{11976, 12005}, {11965}]	140.0	{pos_DET,wp_▁restés,lemma_7114}	[{80, 12052, 11976}]	127.0	{wp_▁localisation} {pos_DET,wp_▁restés,lemma_7114}	[{11965}, {80, 12052, 11976}]	116.0	{pos_DET,wp_▁restés,lemma_7114}	[{80, 12052, 11976}]	127.0
13	{pos_DET,lemma_7114} {form_Dynamiques,lemma_7114} {wp_▁localisation} {form_2001,wp_▁localisation}	[{80, 11976}, {11968, 11976}, {11965}, {11978, 11965}]	0.30726256983240224	{wp_▁localisation} {wp_▁localisation} {lemma_7114} {lemma_7114} {wp_▁localisation}	[{11965}, {11965}, {11976}, {11976}, {11965}]	0.40782122905027934	{form_2001,wp_▁localisation} {lemma_7114,form_acquisition} {form_Dynamiques,form_acquisition,lemma_7114}	[{11978, 11965}, {11976, 12005}, {11968, 12005, 11976}]	0.29608938547486036	{wp_▁localisation} {lemma_7114} {form_Dynamiques} {wp_▁localisation}	[{11965}, {11976}, {11968}, {11965}]	103.0	{lemma_7114} {form_Dynamiques,lemma_7114} {wp_▁localisation}	[{11976}, {11968, 11976}, {11965}]	116.0	{wp_▁localisation} {lemma_7114} {form_Dynamiques,lemma_7114} {wp_▁localisation}	[{11965}, {11976}, {11968, 11976}, {11965}]	0.2681564245810056	{lemma_7114} {form_Dynamiques,lemma_7114} {wp_▁localisation}	[{11976}, {11968, 11976}, {11965}]	116.0
14	{lemma_de,form_2001,wp_▁localisation} {pos_DET} {form_Dynamiques,wp_▁Historique} {wp_▁localisation}	[{9, 11978, 11965}, {80}, {11968, 11962}, {11965}]	0.3128491620111732	{wp_▁localisation} {pos_DET} {form_Dynamiques} {wp_▁localisation} {form_Dynamiques,lemma_7114} {wp_▁localisation}	[{11965}, {80}, {11968}, {11965}, {11968, 11976}, {11965}]	0.26256983240223464	{wp_▁localisation} {lemma_de,form_2001,wp_▁de,wp_▁localisation} {pos_DET,form_RER,lemma_le,wp_▁restés} {form_Dynamiques,wp_▁Historique} {wp_▁localisation}	[{11965}, {9, 11978, 12, 11965}, {80, 12073, 104, 12052}, {11968, 11962}, {11965}]	0.2569832402234637	{wp_▁localisation} {form_2001,wp_▁localisation} {pos_DET} {form_Dynamiques} {wp_▁localisation}	[{11965}, {11978, 11965}, {80}, {11968}, {11965}]	80.0	{wp_▁localisation} {form_2001,wp_▁localisation} {pos_DET,form_RER,lemma_le,wp_▁restés} {form_Dynamiques} {wp_▁localisation}	[{11965}, {11978, 11965}, {80, 12073, 104, 12052}, {11968}, {11965}]	79.0	{wp_▁localisation} {pos_DET} {form_Dynamiques} {wp_▁localisation} {form_Dynamiques,lemma_7114}	[{11965}, {80}, {11968}, {11965}, {11968, 11976}]	0.3240223463687151	{wp_▁localisation} {pos_DET} {form_Dynamiques} {wp_▁localisation} {form_Dynamiques,lemma_7114}	[{11965}, {80}, {11968}, {11965}, {11968, 11976}]	0.3240223463687151
15	{pos_DET,wp_▁restés} {form_Dynamiques,wp_▁Historique} {form_2001,wp_▁localisation} {form_acquisition}	[{80, 12052}, {11968, 11962}, {11978, 11965}, {12005}]	0.2737430167597765	{form_acquisition} {wp_▁localisation} {pos_DET,wp_▁restés} {form_Dynamiques} {wp_▁localisation}	[{12005}, {11965}, {80, 12052}, {11968}, {11965}]	0.2569832402234637	{pos_DET,wp_▁restés} {form_Dynamiques} {lemma_de,form_2001,wp_▁localisation} {form_Dynamiques,form_acquisition}	[{80, 12052}, {11968}, {9, 11978, 11965}, {11968, 12005}]	0.2681564245810056	{pos_DET,wp_▁restés} {wp_▁Historique} {wp_▁localisation} {form_acquisition}	[{80, 12052}, {11962}, {11965}, {12005}]	0.31843575418994413	{pos_DET,wp_▁restés} {form_Dynamiques} {form_2001,wp_▁localisation} {form_Dynamiques,form_acquisition}	[{80, 12052}, {11968}, {11978, 11965}, {11968, 12005}]	0.30726256983240224	{lemma_7114,wp_▁Historique} {wp_▁localisation} {wp_▁localisation} {pos_DET}	[{11976, 11962}, {11965}, {11965}, {80}]	0.3016759776536313	{lemma_7114,wp_▁Historique} {wp_▁localisation} {wp_▁localisation} {pos_DET}	[{11976, 11962}, {11965}, {11965}, {80}]	0.3016759776536313
16	{lemma_7114} {form_2001,wp_▁localisation} {lemma_7114} {lemma_7114} {wp_▁localisation}	[{11976}, {11978, 11965}, {11976}, {11976}, {11965}]	74.0	{lemma_7114} {wp_▁localisation} {lemma_7114} {lemma_7114}	[{11976}, {11965}, {11976}, {11976}]	101.0	{form_Dynamiques,form_acquisition,lemma_7114} {lemma_7114}	[{11968, 12005, 11976}, {11976}]	0.39664804469273746	{lemma_7114} {wp_▁localisation} {lemma_7114}	[{11976}, {11965}, {11976}]	124.0	{lemma_7114} {form_2001,wp_▁localisation} {lemma_7114}	[{11976}, {11978, 11965}, {11976}]	113.0	{lemma_7114} {wp_▁localisation} {lemma_7114}	[{11976}, {11965}, {11976}]	124.0	{lemma_7114} {wp_▁localisation} {lemma_7114}	[{11976}, {11965}, {11976}]	124.0
17	{form_bus} {wp_▁localisation} {pos_DET}	[{12087}, {11965}, {80}]	53.0	{wp_▁localisation} {form_bus} {wp_▁localisation}	[{11965}, {12087}, {11965}]	0.2681564245810056	{wp_▁localisation} {form_bus} {wp_▁localisation}	[{11965}, {12087}, {11965}]	0.2681564245810056	{form_bus} {wp_▁localisation} {pos_DET}	[{12087}, {11965}, {80}]	53.0	{form_bus} {wp_▁localisation} {pos_DET}	[{12087}, {11965}, {80}]	53.0	{form_Dynamiques} {form_bus}	[{11968}, {12087}]	0.3743016759776536	{form_Dynamiques} {form_bus}	[{11968}, {12087}]	0.3743016759776536
18	{form_2001,wp_▁localisation} {pos_DET,wp_▁restés} {form_Dynamiques} {wp_▁localisation} {form_acquisition}	[{11978, 11965}, {80, 12052}, {11968}, {11965}, {12005}]	0.26256983240223464	{wp_▁localisation} {wp_▁localisation} {pos_DET,form_RER,lemma_le,wp_▁restés} {form_Dynamiques} {wp_▁localisation}	[{11965}, {11965}, {80, 12073, 104, 12052}, {11968}, {11965}]	81.0	{lemma__,wp_▁localisation,lemma_transport} {form_2001,wp_▁localisation,dep__} {wp_▁le,dep__,lemma_le,form_RER,lemma_7114,pos_DET,wp_▁restés,wp_▁Historique}	[{25, 11965, 12071}, {11978, 11965, 6}, {229, 6, 104, 12073, 11976, 80, 12052, 11962}]	0.329608938547486	{wp_▁localisation} {wp_▁localisation} {pos_DET,form_RER,lemma_le,wp_▁restés} {form_Dynamiques} {wp_▁localisation}	[{11965}, {11965}, {80, 12073, 104, 12052}, {11968}, {11965}]	81.0	{lemma__,wp_▁localisation,lemma_transport} {form_2001,wp_▁localisation,dep__} {dep__,lemma_le,form_RER,pos_DET,wp_▁restés}	[{25, 11965, 12071}, {11978, 11965, 6}, {6, 104, 12073, 80, 12052}]	89.0	{wp_▁localisation} {wp_▁localisation} {pos_DET} {form_Dynamiques} {wp_▁localisation}	[{11965}, {11965}, {80}, {11968}, {11965}]	82.0	{wp_▁localisation} {wp_▁localisation} {pos_DET} {form_Dynamiques} {wp_▁localisation}	[{11965}, {11965}, {80}, {11968}, {11965}]	82.0
19	{wp_▁localisation} {form_Dynamiques} {wp_▁localisation} {wp_▁localisation}	[{11965}, {11968}, {11965}, {11965}]	0.39664804469273746	{wp_▁localisation} {form_Dynamiques} {wp_▁localisation} {wp_▁localisation}	[{11965}, {11968}, {11965}, {11965}]	0.39664804469273746	{wp_▁localisation} {wp_▁localisation} {lemma_7114,wp_▁Historique} {form_Dynamiques,wp_▁Historique,lemma_7114}	[{11965}, {11965}, {11976, 11962}, {11968, 11962, 11976}]	0.2905027932960894	{wp_▁localisation} {form_Dynamiques} {wp_▁localisation} {wp_▁localisation}	[{11965}, {11968}, {11965}, {11965}]	0.39664804469273746	{wp_▁localisation} {form_Dynamiques,form_acquisition,lemma_7114} {wp_▁localisation}	[{11965}, {11968, 12005, 11976}, {11965}]	0.45251396648044695	{wp_▁localisation} {form_Dynamiques} {wp_▁localisation} {wp_▁localisation}	[{11965}, {11968}, {11965}, {11965}]	0.39664804469273746	{wp_▁localisation} {form_Dynamiques,lemma_7114} {wp_▁localisation} {wp_▁localisation}	[{11965}, {11968, 11976}, {11965}, {11965}]	0.36312849162011174
20	{wp_▁localisation} {form_2001,wp_▁localisation} {pos_DET,wp_▁restés,lemma_7114} {form_Dynamiques}	[{11965}, {11978, 11965}, {80, 12052, 11976}, {11968}]	0.329608938547486	{form_Dynamiques} {wp_▁localisation} {wp_▁localisation} {pos_DET,wp_▁restés} {form_Dynamiques,wp_▁Historique}	[{11968}, {11965}, {11965}, {80, 12052}, {11968, 11962}]	0.3743016759776536	{pos_DET,form_RER,lemma_le,wp_▁restés} {form_Dynamiques} {wp_▁localisation} {form_2001,wp_▁localisation} {pos_DET,form_RER,lemma_le,wp_▁restés} {form_Dynamiques,wp_▁Historique}	[{80, 12073, 104, 12052}, {11968}, {11965}, {11978, 11965}, {80, 12073, 104, 12052}, {11968, 11962}]	0.25139664804469275	{wp_▁localisation} {lemma_de,form_2001,wp_▁localisation} {pos_DET,wp_▁restés} {form_Dynamiques}	[{11965}, {9, 11978, 11965}, {80, 12052}, {11968}]	65.0	{wp_▁localisation} {lemma_de,form_2001,wp_▁localisation} {pos_DET,wp_▁restés} {form_Dynamiques}	[{11965}, {9, 11978, 11965}, {80, 12052}, {11968}]	65.0	{form_Dynamiques} {wp_▁localisation} {wp_▁localisation} {pos_DET,wp_▁restés} {form_Dynamiques,wp_▁Historique}	[{11968}, {11965}, {11965}, {80, 12052}, {11968, 11962}]	0.3743016759776536	{form_Dynamiques} {wp_▁localisation} {wp_▁localisation} {pos_DET,wp_▁restés} {form_Dynamiques,wp_▁Historique}	[{11968}, {11965}, {11965}, {80, 12052}, {11968, 11962}]	0.3743016759776536
21	{wp_▁localisation} {lemma_7114,wp_▁Historique} {wp_▁localisation} {wp_▁localisation}	[{11965}, {11976, 11962}, {11965}, {11965}]	0.27932960893854747	{wp_▁localisation} {lemma_7114,wp_▁Historique} {wp_▁localisation} {wp_▁localisation}	[{11965}, {11976, 11962}, {11965}, {11965}]	0.27932960893854747	{lemma_localisation,wp_▁localisation} {form_Dynamiques,wp_▁Historique,lemma_7114} {wp_▁localisation}	[{11964, 11965}, {11968, 11962, 11976}, {11965}]	0.26256983240223464	{wp_▁localisation} {wp_▁Historique} {wp_▁localisation}	[{11965}, {11962}, {11965}]	106.0	{wp_▁localisation} {wp_▁Historique} {wp_▁localisation}	[{11965}, {11962}, {11965}]	106.0	{wp_▁localisation} {wp_▁Historique} {wp_▁localisation}	[{11965}, {11962}, {11965}]	106.0	{wp_▁localisation} {wp_▁Historique} {wp_▁localisation}	[{11965}, {11962}, {11965}]	106.0
22	{wp_▁Historique,wp_▁V} {wp_▁localisation} {lemma_7114}	[{11962, 11957}, {11965}, {11976}]	0.27932960893854747	{wp_▁localisation} {wp_▁Historique}	[{11965}, {11962}]	143.0	{form_Dynamiques,wp_▁Historique,wp_▁V}	[{11968, 11962, 11957}]	105.0	{wp_▁Historique} {wp_▁localisation}	[{11962}, {11965}]	153.0	{form_Dynamiques,wp_▁Historique,lemma_7114} {wp_▁localisation}	[{11968, 11962, 11976}, {11965}]	134.0	{wp_▁Historique} {wp_▁localisation}	[{11962}, {11965}]	153.0	{form_Dynamiques,wp_▁Historique,lemma_7114} {wp_▁localisation}	[{11968, 11962, 11976}, {11965}]	134.0
23	{lemma_7114,wp_▁Historique} {lemma_7114} {wp_▁localisation} {form_acquisition}	[{11976, 11962}, {11976}, {11965}, {12005}]	0.3407821229050279	{wp_▁localisation} {lemma_7114,wp_▁Historique} {lemma_7114,wp_▁Historique}	[{11965}, {11976, 11962}, {11976, 11962}]	92.0	{form_Dynamiques,wp_▁Historique,lemma_7114} {lemma_7114,wp_▁Historique} {wp_▁localisation}	[{11968, 11962, 11976}, {11976, 11962}, {11965}]	91.0	{lemma_7114,wp_▁Historique} {lemma_7114} {wp_▁localisation}	[{11976, 11962}, {11976}, {11965}]	121.0	{lemma_7114,wp_▁Historique} {lemma_7114} {wp_▁localisation}	[{11976, 11962}, {11976}, {11965}]	121.0	{lemma_7114,wp_▁Historique} {lemma_7114} {wp_▁localisation}	[{11976, 11962}, {11976}, {11965}]	121.0	{lemma_7114,wp_▁Historique} {lemma_7114} {wp_▁localisation}	[{11976, 11962}, {11976}, {11965}]	121.0
24	{form_Dynamiques} {wp_▁localisation} {form_acquisition}	[{11968}, {11965}, {12005}]	105.0	{form_Dynamiques} {wp_▁localisation} {form_Dynamiques} {form_2001,wp_▁localisation}	[{11968}, {11965}, {11968}, {11978, 11965}]	0.3240223463687151	{form_Dynamiques,form_acquisition} {lemma_de,form_2001,wp_▁de,wp_▁localisation} {form_Dynamiques}	[{11968, 12005}, {9, 11978, 12, 11965}, {11968}]	0.329608938547486	{form_Dynamiques} {wp_▁localisation} {form_acquisition}	[{11968}, {11965}, {12005}]	105.0	{form_Dynamiques} {wp_▁localisation} {form_2001,wp_▁localisation}	[{11968}, {11965}, {11978, 11965}]	91.0	{form_Dynamiques} {wp_▁localisation} {form_acquisition}	[{11968}, {11965}, {12005}]	105.0	{form_Dynamiques} {wp_▁localisation} {form_acquisition}	[{11968}, {11965}, {12005}]	105.0
25	{form_acquisition} {wp_▁localisation} {form_Dynamiques,lemma_7114}	[{12005}, {11965}, {11968, 11976}]	0.40782122905027934	{wp_▁localisation} {form_acquisition} {form_acquisition}	[{11965}, {12005}, {12005}]	88.0	{form_Dynamiques,form_acquisition,lemma_7114} {wp_▁localisation} {lemma_7114,form_acquisition}	[{11968, 12005, 11976}, {11965}, {11976, 12005}]	0.25139664804469275	{wp_▁localisation} {form_acquisition}	[{11965}, {12005}]	132.0	{form_Dynamiques,form_acquisition} {wp_▁localisation}	[{11968, 12005}, {11965}]	136.0	{form_Dynamiques} {wp_▁localisation} {lemma_7114,form_acquisition}	[{11968}, {11965}, {11976, 12005}]	97.0	{form_Dynamiques} {wp_▁localisation} {lemma_7114,form_acquisition}	[{11968}, {11965}, {11976, 12005}]	97.0
26	{pos_DET,lemma_7114} {form_Dynamiques,wp_▁Historique,lemma_7114} {wp_▁localisation} {form_acquisition}	[{80, 11976}, {11968, 11962, 11976}, {11965}, {12005}]	0.26256983240223464	{lemma_7114,wp_▁Historique} {lemma_7114,wp_▁Historique} {wp_▁localisation}	[{11976, 11962}, {11976, 11962}, {11965}]	116.0	{wp_▁le,lemma_le,form_RER,lemma_7114,pos_DET,wp_▁restés,wp_▁Historique} {form_Dynamiques,wp_▁Historique,lemma_7114}	[{229, 104, 12073, 11976, 80, 12052, 11962}, {11968, 11962, 11976}]	75.0	{lemma_7114,wp_▁Historique} {lemma_7114,wp_▁Historique} {wp_▁localisation}	[{11976, 11962}, {11976, 11962}, {11965}]	116.0	{pos_DET,wp_▁Historique,lemma_7114} {form_Dynamiques,wp_▁Historique,lemma_7114}	[{80, 11962, 11976}, {11968, 11962, 11976}]	97.0	{lemma_7114,wp_▁Historique} {lemma_7114,wp_▁Historique} {wp_▁localisation}	[{11976, 11962}, {11976, 11962}, {11965}]	116.0	{pos_DET,wp_▁Historique,lemma_7114} {form_Dynamiques,wp_▁Historique,lemma_7114}	[{80, 11962, 11976}, {11968, 11962, 11976}]	97.0
27	{wp_▁localisation} {pos_DET,wp_▁restés,lemma_7114} {form_Dynamiques,lemma_7114}	[{11965}, {80, 12052, 11976}, {11968, 11976}]	109.0	{form_Dynamiques,lemma_7114} {wp_▁localisation} {wp_▁localisation}	[{11968, 11976}, {11965}, {11965}]	122.0	{lemma_le,form_RER,lemma_7114,pos_DET,wp_▁restés} {form_Dynamiques,wp_▁Historique,lemma_7114}	[{104, 12073, 11976, 80, 12052}, {11968, 11962, 11976}]	98.0	{form_Dynamiques,lemma_7114} {wp_▁localisation} {wp_▁localisation}	[{11968, 11976}, {11965}, {11965}]	122.0	{lemma_le,form_RER,lemma_7114,pos_DET,wp_▁restés} {form_Dynamiques,lemma_7114}	[{104, 12073, 11976, 80, 12052}, {11968, 11976}]	114.0	{form_Dynamiques,lemma_7114} {wp_▁localisation} {wp_▁localisation}	[{11968, 11976}, {11965}, {11965}]	122.0	{pos_DET,wp_▁restés,lemma_7114} {form_Dynamiques,lemma_7114}	[{80, 12052, 11976}, {11968, 11976}]	120.0
28	{form_Dynamiques} {wp_▁Novembre,wp_ague}	[{11968}, {11960, 11958}]	0.29608938547486036	{form_Dynamiques} {wp_▁localisation} {wp_▁V} {wp_▁localisation}	[{11968}, {11965}, {11957}, {11965}]	0.2569832402234637	{lemma_7114,form_bus,form_Vague,wp_ague,form_Novembre,wp_▁Novembre}	[{11976, 12087, 11956, 11958, 11959, 11960}]	71.0	{form_Dynamiques} {wp_ague}	[{11968}, {11958}]	55.0	{lemma_7114,form_bus,form_Vague,wp_ague,form_Novembre,wp_▁Novembre}	[{11976, 12087, 11956, 11958, 11959, 11960}]	71.0	{form_Dynamiques} {wp_▁localisation} {wp_▁localisation} {wp_▁V} {wp_▁V} {wp_▁localisation}	[{11968}, {11965}, {11965}, {11957}, {11957}, {11965}]	0.2849162011173184	{form_Dynamiques,lemma_7114} {wp_▁Novembre,form_Vague,wp_ague}	[{11968, 11976}, {11960, 11956, 11958}]	0.2569832402234637
29	{lemma_le,form_RER,lemma_7114,pos_DET,wp_▁restés,wp_▁Historique} {form_Dynamiques} {wp_▁localisation}	[{104, 12073, 11976, 80, 12052, 11962}, {11968}, {11965}]	78.0	{form_Dynamiques} {wp_▁localisation}	[{11968}, {11965}]	156.0	{wp_▁le,lemma_le,form_RER,lemma_7114,pos_DET,wp_▁restés,wp_▁Historique}	[{229, 104, 12073, 11976, 80, 12052, 11962}]	89.0	{form_Dynamiques} {wp_▁localisation}	[{11968}, {11965}]	156.0	{lemma_le,form_RER,lemma_7114,pos_DET,wp_▁restés,wp_▁Historique}	[{104, 12073, 11976, 80, 12052, 11962}]	98.0	{form_Dynamiques} {wp_▁localisation}	[{11968}, {11965}]	156.0	{form_Dynamiques} {wp_▁localisation}	[{11968}, {11965}]	156.0
30	{form_Dynamiques} {form_2001,wp_▁localisation} {pos_DET,lemma_7114}	[{11968}, {11978, 11965}, {80, 11976}]	69.0	{form_Dynamiques} {form_2001,wp_▁localisation} {form_Dynamiques}	[{11968}, {11978, 11965}, {11968}]	107.0	{pos_DET,lemma_7114} {form_Dynamiques,lemma_7114} {lemma_de,form_2001,wp_▁localisation} {form_Dynamiques,lemma_7114}	[{80, 11976}, {11968, 11976}, {9, 11978, 11965}, {11968, 11976}]	0.3016759776536313	{lemma_7114} {form_Dynamiques}	[{11976}, {11968}]	127.0	{pos_DET,lemma_7114} {form_Dynamiques,lemma_7114} {form_2001,wp_▁localisation}	[{80, 11976}, {11968, 11976}, {11978, 11965}]	95.0	{lemma_7114} {form_Dynamiques}	[{11976}, {11968}]	127.0	{lemma_7114} {form_Dynamiques}	[{11976}, {11968}]	127.0
31	{wp_▁localisation} {wp_▁Historique} {form_Dynamiques}	[{11965}, {11962}, {11968}]	77.0	{form_Dynamiques} {wp_▁localisation} {form_Dynamiques}	[{11968}, {11965}, {11968}]	119.0	{lemma_le,form_RER,lemma_7114,pos_DET,wp_▁restés,wp_▁Historique} {form_Dynamiques,wp_▁Historique,lemma_7114} {wp_▁localisation} {form_Dynamiques,lemma_7114}	[{104, 12073, 11976, 80, 12052, 11962}, {11968, 11962, 11976}, {11965}, {11968, 11976}]	0.2569832402234637	{form_Dynamiques} {wp_▁localisation} {form_Dynamiques}	[{11968}, {11965}, {11968}]	119.0	{form_Dynamiques} {wp_▁localisation} {form_Dynamiques}	[{11968}, {11965}, {11968}]	119.0	{form_Dynamiques} {wp_▁localisation} {form_Dynamiques}	[{11968}, {11965}, {11968}]	119.0	{wp_▁localisation} {lemma_7114,wp_▁Historique} {form_Dynamiques,wp_▁Historique,lemma_7114}	[{11965}, {11976, 11962}, {11968, 11962, 11976}]	75.0
32	{pos_DET,wp_▁V} {form_Dynamiques,wp_▁V} {wp_▁localisation}	[{80, 11957}, {11968, 11957}, {11965}]	74.0	{wp_▁V} {form_Dynamiques} {wp_▁localisation}	[{11957}, {11968}, {11965}]	85.0	{pos_DET,wp_▁restés,wp_▁V} {form_Dynamiques,wp_▁Historique,wp_▁V}	[{80, 12052, 11957}, {11968, 11962, 11957}]	71.0	{wp_▁localisation} {pos_DET}	[{11965}, {80}]	138.0	{form_Dynamiques,wp_▁V}	[{11968, 11957}]	131.0	{wp_▁localisation} {pos_DET}	[{11965}, {80}]	138.0	{form_Dynamiques,wp_▁V}	[{11968, 11957}]	131.0
33	{form_Dynamiques} {form_2001,wp_▁localisation} {form_Dynamiques,wp_▁Historique,lemma_7114} {wp_▁localisation}	[{11968}, {11978, 11965}, {11968, 11962, 11976}, {11965}]	0.2569832402234637	{wp_▁localisation} {form_Dynamiques} {form_2001,wp_▁localisation} {form_Dynamiques}	[{11965}, {11968}, {11978, 11965}, {11968}]	0.2569832402234637	{form_Dynamiques,wp_▁Historique,lemma_7114} {wp_▁localisation} {form_2001,wp_▁localisation}	[{11968, 11962, 11976}, {11965}, {11978, 11965}]	0.2905027932960894	{form_Dynamiques,lemma_7114} {wp_▁localisation} {form_Dynamiques}	[{11968, 11976}, {11965}, {11968}]	0.5754189944134078	{form_Dynamiques} {form_2001,wp_▁localisation} {form_Dynamiques,lemma_7114}	[{11968}, {11978, 11965}, {11968, 11976}]	0.5307262569832403	{form_Dynamiques,lemma_7114} {wp_▁localisation} {form_Dynamiques}	[{11968, 11976}, {11965}, {11968}]	0.5754189944134078	{form_Dynamiques,lemma_7114} {wp_▁localisation} {form_Dynamiques}	[{11968, 11976}, {11965}, {11968}]	0.5754189944134078
34	{wp_▁localisation} {lemma_7114} {form_Dynamiques,lemma_7114} {wp_▁localisation} {wp_▁localisation}	[{11965}, {11976}, {11968, 11976}, {11965}, {11965}]	0.3575418994413408	{lemma_7114} {lemma_7114} {wp_▁localisation} {lemma_7114} {lemma_7114} {wp_▁localisation}	[{11976}, {11976}, {11965}, {11976}, {11976}, {11965}]	0.3463687150837989	{lemma_7114} {form_Dynamiques,lemma_7114} {wp_▁localisation} {lemma_7114} {lemma_7114} {wp_▁localisation}	[{11976}, {11968, 11976}, {11965}, {11976}, {11976}, {11965}]	0.2569832402234637	{wp_▁localisation} {lemma_7114,form_acquisition} {lemma_7114} {wp_▁localisation}	[{11965}, {11976, 12005}, {11976}, {11965}]	83.0	{wp_▁localisation} {lemma_7114,form_acquisition} {lemma_7114} {wp_▁localisation}	[{11965}, {11976, 12005}, {11976}, {11965}]	83.0	{lemma_7114} {lemma_7114} {wp_▁localisation} {lemma_7114} {lemma_7114} {wp_▁localisation}	[{11976}, {11976}, {11965}, {11976}, {11976}, {11965}]	0.3463687150837989	{wp_▁localisation} {lemma_7114} {form_Dynamiques,lemma_7114} {wp_▁localisation} {wp_▁localisation}	[{11965}, {11976}, {11968, 11976}, {11965}, {11965}]	0.3575418994413408
35	{wp_▁localisation} {pos_DET,lemma_7114} {form_Dynamiques,lemma_7114} {wp_▁localisation} {form_2001,wp_▁localisation} {pos_DET,form_RER,lemma_le,wp_▁restés} {wp_▁Historique}	[{11965}, {80, 11976}, {11968, 11976}, {11965}, {11978, 11965}, {80, 12073, 104, 12052}, {11962}]	0.25139664804469275	{wp_▁localisation} {pos_DET} {form_Dynamiques} {wp_▁localisation} {lemma_7114} {wp_▁localisation}	[{11965}, {80}, {11968}, {11965}, {11976}, {11965}]	0.2681564245810056	{wp_▁localisation} {pos_DET,wp_▁restés,lemma_7114} {form_Dynamiques,wp_▁Historique,lemma_7114} {wp_▁localisation} {lemma_7114}	[{11965}, {80, 12052, 11976}, {11968, 11962, 11976}, {11965}, {11976}]	0.25139664804469275	{wp_▁localisation} {pos_DET,lemma_7114} {form_Dynamiques,lemma_7114} {wp_▁localisation} {wp_▁localisation}	[{11965}, {80, 11976}, {11968, 11976}, {11965}, {11965}]	0.3407821229050279	{wp_▁localisation} {pos_DET,lemma_7114} {form_Dynamiques,lemma_7114} {wp_▁localisation} {wp_▁localisation}	[{11965}, {80, 11976}, {11968, 11976}, {11965}, {11965}]	0.3407821229050279	{wp_▁localisation} {pos_DET,lemma_7114} {form_Dynamiques,lemma_7114} {wp_▁localisation} {wp_▁localisation}	[{11965}, {80, 11976}, {11968, 11976}, {11965}, {11965}]	0.3407821229050279	{wp_▁localisation} {pos_DET,lemma_7114} {form_Dynamiques,lemma_7114} {wp_▁localisation} {wp_▁localisation}	[{11965}, {80, 11976}, {11968, 11976}, {11965}, {11965}]	0.3407821229050279
36	{wp_▁localisation} {pos_DET,wp_▁restés,lemma_7114} {form_Dynamiques,lemma_7114} {lemma_de,form_2001,wp_▁localisation} {lemma_7114}	[{11965}, {80, 12052, 11976}, {11968, 11976}, {9, 11978, 11965}, {11976}]	0.3016759776536313	{form_2001,wp_▁localisation} {lemma_7114} {lemma_7114}	[{11978, 11965}, {11976}, {11976}]	114.0	{lemma_7114} {lemma_7114} {form_2001,wp_▁localisation} {pos_DET,wp_▁restés,lemma_7114} {form_Dynamiques,lemma_7114}	[{11976}, {11976}, {11978, 11965}, {80, 12052, 11976}, {11968, 11976}]	0.2737430167597765	{form_2001,wp_▁localisation} {lemma_7114} {lemma_7114}	[{11978, 11965}, {11976}, {11976}]	114.0	{form_2001,wp_▁localisation} {lemma_7114} {lemma_7114}	[{11978, 11965}, {11976}, {11976}]	114.0	{lemma_7114} {lemma_7114} {wp_▁localisation} {form_Dynamiques}	[{11976}, {11976}, {11965}, {11968}]	0.48044692737430167	{lemma_7114} {lemma_7114} {wp_▁localisation} {form_Dynamiques,lemma_7114}	[{11976}, {11976}, {11965}, {11968, 11976}]	0.4301675977653631
37	{wp_▁localisation} {pos_DET,wp_▁restés,lemma_7114} {form_Dynamiques,lemma_7114} {wp_▁localisation} {form_2001,wp_▁localisation}	[{11965}, {80, 12052, 11976}, {11968, 11976}, {11965}, {11978, 11965}]	0.27932960893854747	{wp_▁localisation} {pos_DET,form_RER,lemma_le,wp_▁restés} {form_Dynamiques} {wp_▁localisation} {wp_▁localisation}	[{11965}, {80, 12073, 104, 12052}, {11968}, {11965}, {11965}]	0.3463687150837989	{form_2001,wp_▁localisation} {lemma_le,form_RER,lemma_7114,pos_DET,wp_▁restés} {form_Dynamiques,lemma_7114} {lemma_de,form_2001,wp_▁de,wp_▁localisation}	[{11978, 11965}, {104, 12073, 11976, 80, 12052}, {11968, 11976}, {9, 11978, 12, 11965}]	0.25139664804469275	{wp_▁localisation} {pos_DET} {form_Dynamiques} {wp_▁localisation}	[{11965}, {80}, {11968}, {11965}]	111.0	{wp_▁localisation} {lemma_le,form_RER,lemma_7114,pos_DET,wp_▁restés} {form_Dynamiques,lemma_7114} {wp_▁localisation}	[{11965}, {104, 12073, 11976, 80, 12052}, {11968, 11976}, {11965}]	93.0	{wp_▁localisation} {pos_DET} {form_Dynamiques} {wp_▁localisation}	[{11965}, {80}, {11968}, {11965}]	111.0	{wp_▁localisation} {pos_DET,wp_▁restés,lemma_7114} {form_Dynamiques,lemma_7114} {wp_▁localisation}	[{11965}, {80, 12052, 11976}, {11968, 11976}, {11965}]	99.0
38	{wp_▁Historique} {wp_▁Historique} {wp_▁localisation} {form_Dynamiques,form_acquisition}	[{11962}, {11962}, {11965}, {11968, 12005}]	0.2737430167597765	{wp_▁Historique} {wp_▁Historique}	[{11962}, {11962}]	127.0	{form_Dynamiques,wp_▁Historique} {wp_▁Historique}	[{11968, 11962}, {11962}]	76.0	{wp_▁Historique} {wp_▁Historique}	[{11962}, {11962}]	127.0	{wp_▁Historique} {wp_▁Historique}	[{11962}, {11962}]	127.0	{wp_▁Historique} {wp_▁Historique}	[{11962}, {11962}]	127.0	{wp_▁Historique} {wp_▁Historique}	[{11962}, {11962}]	127.0
39	{form_Dynamiques} {form_2001,wp_▁localisation} {pos_DET,wp_▁restés,lemma_7114} {lemma_7114,form_acquisition}	[{11968}, {11978, 11965}, {80, 12052, 11976}, {11976, 12005}]	0.2681564245810056	{form_acquisition} {wp_▁localisation} {form_Dynamiques} {wp_▁localisation}	[{12005}, {11965}, {11968}, {11965}]	0.40782122905027934	{form_Dynamiques} {form_2001,wp_▁localisation} {pos_DET,lemma_7114} {form_Dynamiques,form_acquisition,lemma_7114}	[{11968}, {11978, 11965}, {80, 11976}, {11968, 12005, 11976}]	0.25139664804469275	{form_acquisition} {wp_▁localisation} {form_Dynamiques} {wp_▁localisation}	[{12005}, {11965}, {11968}, {11965}]	0.40782122905027934	{form_acquisition} {wp_▁localisation} {form_Dynamiques} {wp_▁localisation}	[{12005}, {11965}, {11968}, {11965}]	0.40782122905027934	{wp_▁localisation} {pos_DET,wp_▁restés,lemma_7114} {lemma_7114} {wp_▁localisation} {form_Dynamiques}	[{11965}, {80, 12052, 11976}, {11976}, {11965}, {11968}]	0.30726256983240224	{wp_▁localisation} {pos_DET,lemma_7114} {lemma_7114} {wp_▁localisation} {form_Dynamiques,lemma_7114}	[{11965}, {80, 11976}, {11976}, {11965}, {11968, 11976}]	0.26256983240223464
40	{wp_▁localisation} {lemma_7114} {wp_▁localisation} {lemma_7114} {lemma_7114}	[{11965}, {11976}, {11965}, {11976}, {11976}]	0.30726256983240224	{wp_▁localisation} {lemma_7114} {lemma_7114}	[{11965}, {11976}, {11976}]	134.0	{lemma_7114,wp_▁Historique} {form_Dynamiques,wp_▁Historique,lemma_7114} {wp_▁localisation} {lemma_7114} {lemma_7114}	[{11976, 11962}, {11968, 11962, 11976}, {11965}, {11976}, {11976}]	0.2569832402234637	{wp_▁localisation} {lemma_7114} {lemma_7114}	[{11965}, {11976}, {11976}]	134.0	{wp_▁localisation} {lemma_7114} {lemma_7114}	[{11965}, {11976}, {11976}]	134.0	{wp_▁localisation} {lemma_7114} {lemma_7114}	[{11965}, {11976}, {11976}]	134.0	{wp_▁localisation} {lemma_7114} {lemma_7114}	[{11965}, {11976}, {11976}]	134.0
41	{lemma_7114} {lemma_7114} {wp_▁localisation} {pos_DET}	[{11976}, {11976}, {11965}, {80}]	67.0	{lemma_7114} {lemma_7114}	[{11976}, {11976}]	146.0	{form_Dynamiques,wp_▁Historique,lemma_7114} {lemma_7114,wp_▁Historique}	[{11968, 11962, 11976}, {11976, 11962}]	102.0	{lemma_7114} {lemma_7114}	[{11976}, {11976}]	146.0	{form_Dynamiques,lemma_7114} {lemma_7114}	[{11968, 11976}, {11976}]	126.0	{lemma_7114} {lemma_7114}	[{11976}, {11976}]	146.0	{lemma_7114} {form_Dynamiques,lemma_7114}	[{11976}, {11968, 11976}]	126.0
42	{lemma_7114} {lemma_7114} {lemma_7114} {wp_▁localisation}	[{11976}, {11976}, {11976}, {11965}]	78.0	{lemma_7114} {lemma_7114} {lemma_7114} {wp_▁localisation} {lemma_7114}	[{11976}, {11976}, {11976}, {11965}, {11976}]	0.2569832402234637	{lemma_7114} {lemma_7114} {wp_▁localisation} {pos_DET,wp_▁restés,lemma_7114} {lemma_7114,form_acquisition}	[{11976}, {11976}, {11965}, {80, 12052, 11976}, {11976, 12005}]	0.25139664804469275	{lemma_7114} {lemma_7114} {wp_▁localisation} {lemma_7114}	[{11976}, {11976}, {11965}, {11976}]	104.0	{lemma_7114} {lemma_7114} {wp_▁localisation} {lemma_7114}	[{11976}, {11976}, {11965}, {11976}]	104.0	{lemma_7114} {lemma_7114} {wp_▁localisation} {lemma_7114}	[{11976}, {11976}, {11965}, {11976}]	104.0	{lemma_7114} {lemma_7114} {wp_▁localisation} {lemma_7114}	[{11976}, {11976}, {11965}, {11976}]	104.0
43	{wp_▁localisation} {form_2001,wp_▁localisation} {lemma_le,form_RER,lemma_7114,pos_DET,wp_▁restés} {lemma_7114}	[{11965}, {11978, 11965}, {104, 12073, 11976, 80, 12052}, {11976}]	0.3463687150837989	{lemma_7114} {wp_▁localisation} {wp_▁localisation} {wp_▁localisation}	[{11976}, {11965}, {11965}, {11965}]	0.3407821229050279	{form_2001,wp_▁localisation} {wp_▁le,lemma_le,form_RER,lemma_7114,pos_DET,wp_▁restés,wp_▁Historique} {form_Dynamiques,wp_▁Historique,lemma_7114} {wp_▁localisation}	[{11978, 11965}, {229, 104, 12073, 11976, 80, 12052, 11962}, {11968, 11962, 11976}, {11965}]	0.3016759776536313	{wp_▁localisation} {pos_DET,wp_▁restés,lemma_7114} {lemma_7114} {wp_▁localisation}	[{11965}, {80, 12052, 11976}, {11976}, {11965}]	102.0	{lemma_le,form_RER,lemma_7114,pos_DET,wp_▁restés} {lemma_7114} {wp_▁localisation}	[{104, 12073, 11976, 80, 12052}, {11976}, {11965}]	106.0	{wp_▁localisation} {pos_DET,wp_▁restés,lemma_7114} {lemma_7114} {wp_▁localisation}	[{11965}, {80, 12052, 11976}, {11976}, {11965}]	102.0	{wp_▁localisation} {pos_DET,wp_▁restés,lemma_7114} {lemma_7114} {wp_▁localisation}	[{11965}, {80, 12052, 11976}, {11976}, {11965}]	102.0
44	{pos_DET,wp_▁restés} {form_Dynamiques} {wp_▁localisation} {lemma_de,form_2001,wp_▁localisation}	[{80, 12052}, {11968}, {11965}, {9, 11978, 11965}]	0.2737430167597765	{pos_DET} {form_Dynamiques} {wp_▁localisation} {form_2001,wp_▁localisation}	[{80}, {11968}, {11965}, {11978, 11965}]	0.3128491620111732	{lemma_le,form_RER,lemma_7114,pos_DET,wp_▁restés,wp_▁Historique} {form_Dynamiques} {wp_▁localisation} {form_Dynamiques,lemma_7114}	[{104, 12073, 11976, 80, 12052, 11962}, {11968}, {11965}, {11968, 11976}]	0.26256983240223464	{pos_DET} {form_Dynamiques} {wp_▁localisation} {lemma_7114}	[{80}, {11968}, {11965}, {11976}]	96.0	{pos_DET} {form_Dynamiques} {wp_▁localisation} {lemma_7114}	[{80}, {11968}, {11965}, {11976}]	96.0	{form_Dynamiques} {wp_▁localisation} {form_Dynamiques,lemma_7114}	[{11968}, {11965}, {11968, 11976}]	0.5921787709497207	{form_Dynamiques} {wp_▁localisation} {form_Dynamiques,lemma_7114}	[{11968}, {11965}, {11968, 11976}]	0.5921787709497207
45	{pos_DET,wp_▁restés} {form_Dynamiques} {form_2001,wp_▁localisation} {lemma_7114}	[{80, 12052}, {11968}, {11978, 11965}, {11976}]	89.0	{pos_DET,form_RER,lemma_le,wp_▁restés} {form_Dynamiques} {form_2001,wp_▁localisation} {lemma_7114} {lemma_7114}	[{80, 12073, 104, 12052}, {11968}, {11978, 11965}, {11976}, {11976}]	0.2737430167597765	{form_2001,wp_▁localisation} {wp_▁le,lemma_le,form_RER,lemma_7114,pos_DET,wp_▁restés,wp_▁Historique}	[{11978, 11965}, {229, 104, 12073, 11976, 80, 12052, 11962}]	69.0	{form_2001,wp_▁localisation} {pos_DET,form_RER,lemma_le,wp_▁restés}	[{11978, 11965}, {80, 12073, 104, 12052}]	128.0	{pos_DET,form_RER,lemma_le,wp_▁restés}	[{80, 12073, 104, 12052}]	138.0	{pos_DET,wp_▁restés} {form_Dynamiques}	[{80, 12052}, {11968}]	132.0	{pos_DET,wp_▁restés} {form_Dynamiques}	[{80, 12052}, {11968}]	132.0
46	{lemma_le,form_RER,lemma_7114,pos_DET,wp_▁restés} {lemma_7114}	[{104, 12073, 11976, 80, 12052}, {11976}]	118.0	{lemma_le,form_RER,lemma_7114,pos_DET,wp_▁restés} {lemma_7114} {wp_▁localisation} {lemma_7114} {lemma_7114}	[{104, 12073, 11976, 80, 12052}, {11976}, {11965}, {11976}, {11976}]	0.29608938547486036	{lemma_le,form_RER,lemma_7114,pos_DET,wp_▁restés}	[{104, 12073, 11976, 80, 12052}]	125.0	{lemma_le,form_RER,lemma_7114,pos_DET,wp_▁restés} {lemma_7114}	[{104, 12073, 11976, 80, 12052}, {11976}]	118.0	{lemma_le,form_RER,lemma_7114,pos_DET,wp_▁restés}	[{104, 12073, 11976, 80, 12052}]	125.0	{lemma_7114} {wp_▁localisation} {pos_DET}	[{11976}, {11965}, {80}]	96.0	{pos_DET,wp_▁restés,lemma_7114} {lemma_7114} {wp_▁localisation} {lemma_7114}	[{80, 12052, 11976}, {11976}, {11965}, {11976}]	0.2681564245810056
47	{wp_▁localisation} {lemma_de,form_2001,wp_▁localisation} {pos_DET,form_RER,lemma_le,wp_▁restés} {form_Dynamiques}	[{11965}, {9, 11978, 11965}, {80, 12073, 104, 12052}, {11968}]	64.0	{wp_▁localisation} {wp_▁localisation} {pos_DET,form_RER,lemma_le,wp_▁restés}	[{11965}, {11965}, {80, 12073, 104, 12052}]	102.0	{lemma__,wp_▁des,wp_▁localisation,lemma_transport} {dep__,lemma_de,form_2001,wp_▁de,wp_▁localisation} {dep__,lemma_le,form_RER,pos_DET,wp_▁restés,wp_▁V,wp_▁les}	[{25, 147, 11965, 12071}, {6, 9, 11978, 12, 11965}, {6, 104, 12073, 80, 12052, 11957, 441}]	0.3128491620111732	{wp_▁localisation} {wp_▁localisation} {pos_DET,form_RER,lemma_le,wp_▁restés}	[{11965}, {11965}, {80, 12073, 104, 12052}]	102.0	{wp_▁localisation} {form_2001,wp_▁localisation} {pos_DET,form_RER,lemma_le,wp_▁restés}	[{11965}, {11978, 11965}, {80, 12073, 104, 12052}]	101.0	{form_Dynamiques} {wp_▁localisation} {wp_▁localisation} {pos_DET,wp_▁restés}	[{11968}, {11965}, {11965}, {80, 12052}]	82.0	{form_Dynamiques,lemma_7114} {wp_▁localisation} {wp_▁localisation} {pos_DET,wp_▁restés}	[{11968, 11976}, {11965}, {11965}, {80, 12052}]	77.0
48	{form_2001,wp_▁localisation} {pos_DET,form_RER,lemma_le,wp_▁restés} {form_Dynamiques} {wp_▁localisation}	[{11978, 11965}, {80, 12073, 104, 12052}, {11968}, {11965}]	105.0	{wp_▁localisation} {wp_▁localisation} {pos_DET,form_RER,lemma_le,wp_▁restés} {form_Dynamiques} {wp_▁localisation} {form_Dynamiques}	[{11965}, {11965}, {80, 12073, 104, 12052}, {11968}, {11965}, {11968}]	0.25139664804469275	{lemma__,wp_▁des,wp_▁localisation,lemma_transport} {dep__,lemma_de,form_2001,wp_▁de,wp_▁localisation} {dep__,lemma_le,form_RER,pos_DET,wp_▁restés,wp_▁V,wp_▁les} {form_Dynamiques,wp_▁Historique,wp_▁V}	[{25, 147, 11965, 12071}, {6, 9, 11978, 12, 11965}, {6, 104, 12073, 80, 12052, 11957, 441}, {11968, 11962, 11957}]	0.25139664804469275	{wp_▁localisation} {wp_▁localisation} {pos_DET} {form_Dynamiques}	[{11965}, {11965}, {80}, {11968}]	97.0	{form_2001,wp_▁localisation} {pos_DET,form_RER,lemma_le,wp_▁restés} {form_Dynamiques}	[{11978, 11965}, {80, 12073, 104, 12052}, {11968}]	116.0	{wp_▁localisation} {wp_▁localisation} {pos_DET} {form_Dynamiques}	[{11965}, {11965}, {80}, {11968}]	97.0	{wp_▁localisation} {wp_▁localisation} {pos_DET,wp_▁restés} {form_Dynamiques}	[{11965}, {11965}, {80, 12052}, {11968}]	95.0
49	{form_Dynamiques,lemma_7114} {lemma_de,form_2001,wp_▁localisation} {form_Dynamiques,form_acquisition} {wp_▁localisation}	[{11968, 11976}, {9, 11978, 11965}, {11968, 12005}, {11965}]	0.25139664804469275	{form_Dynamiques} {form_2001,wp_▁localisation} {form_Dynamiques} {wp_▁localisation}	[{11968}, {11978, 11965}, {11968}, {11965}]	0.4748603351955307	{form_Dynamiques,form_acquisition,lemma_7114} {lemma_de,form_2001,wp_▁localisation} {form_Dynamiques} {wp_▁localisation}	[{11968, 12005, 11976}, {9, 11978, 11965}, {11968}, {11965}]	0.2569832402234637	{wp_▁localisation} {pos_DET,wp_▁restés} {form_Dynamiques} {form_2001,wp_▁localisation}	[{11965}, {80, 12052}, {11968}, {11978, 11965}]	86.0	{wp_▁localisation} {pos_DET,wp_▁restés} {form_Dynamiques} {form_2001,wp_▁localisation}	[{11965}, {80, 12052}, {11968}, {11978, 11965}]	86.0	{wp_▁localisation} {pos_DET,lemma_7114} {lemma_7114} {lemma_localisation,wp_▁localisation}	[{11965}, {80, 11976}, {11976}, {11964, 11965}]	0.25139664804469275	{wp_▁localisation} {pos_DET,lemma_7114} {lemma_7114} {lemma_localisation,wp_▁localisation}	[{11965}, {80, 11976}, {11976}, {11964, 11965}]	0.25139664804469275
50	{wp_▁Historique} {wp_▁localisation} {pos_DET,wp_▁restés} {form_acquisition}	[{11962}, {11965}, {80, 12052}, {12005}]	0.2681564245810056	{wp_▁Historique} {wp_▁localisation} {form_2001,wp_▁localisation}	[{11962}, {11965}, {11978, 11965}]	71.0	{form_2001,wp_▁localisation} {pos_DET,wp_▁restés} {form_Dynamiques,wp_▁Historique} {lemma_de,form_2001,wp_▁localisation}	[{11978, 11965}, {80, 12052}, {11968, 11962}, {9, 11978, 11965}]	0.26256983240223464	{wp_▁localisation} {form_2001,wp_▁localisation} {pos_DET,wp_▁restés} {wp_▁Historique}	[{11965}, {11978, 11965}, {80, 12052}, {11962}]	83.0	{wp_▁localisation} {form_2001,wp_▁localisation} {pos_DET,wp_▁restés} {wp_▁Historique}	[{11965}, {11978, 11965}, {80, 12052}, {11962}]	83.0	{wp_▁Historique} {wp_▁localisation} {pos_DET,wp_▁restés}	[{11962}, {11965}, {80, 12052}]	63.0	{wp_▁Historique} {wp_▁localisation} {pos_DET,wp_▁restés}	[{11962}, {11965}, {80, 12052}]	63.0
51	{lemma_7114} {lemma__,wp_▁localisation,lemma_transport} {form_2001,wp_▁localisation,dep__} {dep__,lemma_le,form_RER,pos_DET,wp_▁restés} {form_Dynamiques,wp_▁Historique} {wp_▁localisation}	[{11976}, {25, 11965, 12071}, {11978, 11965, 6}, {6, 104, 12073, 80, 12052}, {11968, 11962}, {11965}]	0.2905027932960894	{lemma_7114} {lemma__,wp_▁localisation,lemma_transport} {form_2001,wp_▁localisation,dep__} {dep__,lemma_le,form_RER,pos_DET,wp_▁restés} {form_Dynamiques}	[{11976}, {25, 11965, 12071}, {11978, 11965, 6}, {6, 104, 12073, 80, 12052}, {11968}]	0.3854748603351955	{form_Dynamiques,lemma_7114} {lemma__,wp_▁localisation,lemma_transport} {dep__,lemma_de,form_2001,wp_▁de,wp_▁localisation} {dep__,lemma_le,form_RER,pos_DET,wp_▁restés} {form_Dynamiques,wp_▁Historique}	[{11968, 11976}, {25, 11965, 12071}, {6, 9, 11978, 12, 11965}, {6, 104, 12073, 80, 12052}, {11968, 11962}]	0.27932960893854747	{lemma_7114} {lemma__,wp_▁localisation,lemma_transport} {form_2001,wp_▁localisation,dep__} {dep__,lemma_le,form_RER,pos_DET,wp_▁restés} {form_Dynamiques}	[{11976}, {25, 11965, 12071}, {11978, 11965, 6}, {6, 104, 12073, 80, 12052}, {11968}]	0.3854748603351955	{lemma_7114} {lemma__,wp_▁localisation,lemma_transport} {form_2001,wp_▁localisation,dep__} {dep__,lemma_le,form_RER,pos_DET,wp_▁restés} {form_Dynamiques}	[{11976}, {25, 11965, 12071}, {11978, 11965, 6}, {6, 104, 12073, 80, 12052}, {11968}]	0.3854748603351955	{lemma_7114,wp_▁Historique} {form_Dynamiques,lemma_7114} {wp_▁localisation} {lemma_7114}	[{11976, 11962}, {11968, 11976}, {11965}, {11976}]	0.37988826815642457	{pos_DET,wp_▁restés,lemma_7114} {form_Dynamiques,wp_▁Historique,lemma_7114} {wp_▁localisation} {lemma_7114}	[{80, 12052, 11976}, {11968, 11962, 11976}, {11965}, {11976}]	0.36312849162011174
52	{wp_▁localisation} {pos_DET,wp_▁restés} {form_Dynamiques} {form_2001,wp_▁localisation} {form_Dynamiques}	[{11965}, {80, 12052}, {11968}, {11978, 11965}, {11968}]	0.3407821229050279	{form_Dynamiques} {form_2001,wp_▁localisation} {pos_DET} {form_Dynamiques}	[{11968}, {11978, 11965}, {80}, {11968}]	69.0	{wp_▁localisation} {pos_DET,form_RER,lemma_le,wp_▁restés} {form_Dynamiques,form_acquisition} {form_2001,wp_▁localisation}	[{11965}, {80, 12073, 104, 12052}, {11968, 12005}, {11978, 11965}]	0.25139664804469275	{form_Dynamiques} {form_2001,wp_▁localisation} {pos_DET} {form_Dynamiques}	[{11968}, {11978, 11965}, {80}, {11968}]	69.0	{form_Dynamiques} {form_2001,wp_▁localisation} {pos_DET} {form_Dynamiques}	[{11968}, {11978, 11965}, {80}, {11968}]	69.0	{wp_▁localisation} {pos_DET,form_RER,lemma_le,wp_▁restés} {form_Dynamiques,form_acquisition} {form_2001,wp_▁localisation}	[{11965}, {80, 12073, 104, 12052}, {11968, 12005}, {11978, 11965}]	0.25139664804469275	{wp_▁localisation} {pos_DET,form_RER,lemma_le,wp_▁restés} {form_Dynamiques,form_acquisition} {form_2001,wp_▁localisation}	[{11965}, {80, 12073, 104, 12052}, {11968, 12005}, {11978, 11965}]	0.25139664804469275
53	{form_2001,wp_▁localisation} {pos_DET,wp_▁restés} {wp_▁Historique}	[{11978, 11965}, {80, 12052}, {11962}]	99.0	{lemma_7114} {wp_▁localisation} {lemma_7114} {wp_▁Historique} {wp_▁localisation}	[{11976}, {11965}, {11976}, {11962}, {11965}]	0.25139664804469275	{pos_DET,wp_▁Historique,wp_▁restés,lemma_7114} {lemma_7114,wp_▁Historique}	[{80, 11962, 12052, 11976}, {11976, 11962}]	96.0	{form_2001,wp_▁localisation} {pos_DET,wp_▁restés}	[{11978, 11965}, {80, 12052}]	131.0	{pos_DET,wp_▁Historique,wp_▁restés,lemma_7114} {lemma_7114,wp_▁Historique}	[{80, 11962, 12052, 11976}, {11976, 11962}]	96.0	{pos_DET,wp_▁restés}	[{80, 12052}]	139.0	{pos_DET,wp_▁Historique,wp_▁restés,lemma_7114} {lemma_7114,wp_▁Historique}	[{80, 11962, 12052, 11976}, {11976, 11962}]	96.0
54	{form_acquisition} {form_Dynamiques,form_acquisition} {form_2001,wp_▁localisation}	[{12005}, {11968, 12005}, {11978, 11965}]	0.2569832402234637	{form_acquisition}	[{12005}]	154.0	{form_acquisition,lemma_le,form_RER,lemma_7114,pos_DET,wp_▁restés,wp_▁la} {form_Dynamiques,form_acquisition,lemma_7114}	[{12005, 104, 12073, 11976, 80, 12052, 117}, {11968, 12005, 11976}]	58.0	{form_acquisition}	[{12005}]	154.0	{form_Dynamiques,form_acquisition}	[{11968, 12005}]	153.0	{form_acquisition}	[{12005}]	154.0	{form_Dynamiques,form_acquisition,wp_▁V}	[{11968, 12005, 11957}]	73.0
55	{wp_▁Historique} {wp_'}	[{11962}, {23}]	0.2681564245810056	{wp_'} {wp_▁Historique}	[{23}, {11962}]	0.329608938547486	{wp_'} {lemma_7114,wp_▁Historique}	[{23}, {11976, 11962}]	0.30726256983240224	{wp_▁Historique} {lemma_7114}	[{11962}, {11976}]	127.0	{wp_▁Historique} {lemma_7114}	[{11962}, {11976}]	127.0	{wp_▁Historique} {lemma_7114}	[{11962}, {11976}]	127.0	{wp_▁Historique} {lemma_7114}	[{11962}, {11976}]	127.0
56	{lemma_7114} {form_2001,wp_▁localisation} {pos_DET,wp_▁restés,lemma_7114}	[{11976}, {11978, 11965}, {80, 12052, 11976}]	76.0	{pos_DET,wp_▁restés,lemma_7114} {lemma_7114} {form_2001,wp_▁localisation} {lemma_7114}	[{80, 12052, 11976}, {11976}, {11978, 11965}, {11976}]	77.0	{pos_DET,wp_▁restés,form_acquisition,lemma_7114} {lemma_7114}	[{80, 12052, 12005, 11976}, {11976}]	77.0	{pos_DET,wp_▁restés,lemma_7114} {lemma_7114}	[{80, 12052, 11976}, {11976}]	123.0	{pos_DET,wp_▁restés,lemma_7114} {lemma_7114}	[{80, 12052, 11976}, {11976}]	123.0	{pos_DET,wp_▁restés,lemma_7114} {lemma_7114}	[{80, 12052, 11976}, {11976}]	123.0	{pos_DET,wp_▁restés,lemma_7114} {lemma_7114}	[{80, 12052, 11976}, {11976}]	123.0
57	{wp_▁Historique} {wp_▁localisation} {wp_▁localisation} {wp_▁localisation}	[{11962}, {11965}, {11965}, {11965}]	0.25139664804469275	{wp_▁Historique} {wp_▁localisation} {wp_▁localisation} {wp_▁localisation}	[{11962}, {11965}, {11965}, {11965}]	0.25139664804469275	{form_Dynamiques,wp_▁Historique,lemma_7114} {wp_▁localisation} {wp_▁localisation}	[{11968, 11962, 11976}, {11965}, {11965}]	82.0	{wp_▁Historique} {wp_▁localisation} {wp_▁localisation}	[{11962}, {11965}, {11965}]	110.0	{lemma_7114,wp_▁Historique} {wp_▁localisation} {wp_▁localisation}	[{11976, 11962}, {11965}, {11965}]	98.0	{wp_▁Historique} {wp_▁localisation} {wp_▁localisation}	[{11962}, {11965}, {11965}]	110.0	{lemma_7114,wp_▁Historique} {wp_▁localisation} {wp_▁localisation}	[{11976, 11962}, {11965}, {11965}]	98.0
58	{wp_▁V} {wp_▁Historique,wp_▁V} {wp_▁localisation}	[{11957}, {11962, 11957}, {11965}]	82.0	{wp_▁V} {wp_▁V} {form_2001,wp_▁localisation}	[{11957}, {11957}, {11978, 11965}]	0.29608938547486036	{lemma_de,form_2001,wp_▁de,wp_▁localisation} {wp_▁V} {wp_▁Historique,wp_▁V}	[{9, 11978, 12, 11965}, {11957}, {11962, 11957}]	0.2905027932960894	{form_2001,wp_▁localisation} {wp_▁V} {wp_▁V}	[{11978, 11965}, {11957}, {11957}]	98.0	{form_2001,wp_▁localisation} {wp_▁V} {wp_▁V}	[{11978, 11965}, {11957}, {11957}]	98.0	{wp_▁localisation} {wp_▁V} {wp_▁Historique}	[{11965}, {11957}, {11962}]	84.0	{wp_▁localisation} {wp_▁V} {wp_▁Historique,wp_▁V}	[{11965}, {11957}, {11962, 11957}]	82.0
59	{form_acquisition} {wp_▁localisation} {pos_DET,wp_▁restés,lemma_7114} {lemma_7114}	[{12005}, {11965}, {80, 12052, 11976}, {11976}]	0.30726256983240224	{wp_▁localisation} {wp_▁localisation} {wp_▁V} {wp_▁V} {wp_▁localisation}	[{11965}, {11965}, {11957}, {11957}, {11965}]	0.3575418994413408	{wp_▁localisation} {lemma_le,form_RER,pos_DET,wp_▁restés,wp_▁V,wp_▁les} {wp_▁V} {wp_▁localisation}	[{11965}, {104, 12073, 80, 12052, 11957, 441}, {11957}, {11965}]	0.329608938547486	{form_acquisition} {wp_▁localisation}	[{12005}, {11965}]	147.0	{form_acquisition} {wp_▁localisation}	[{12005}, {11965}]	147.0	{wp_▁localisation} {wp_▁V} {wp_▁V}	[{11965}, {11957}, {11957}]	109.0	{wp_▁localisation} {wp_▁V} {wp_▁V}	[{11965}, {11957}, {11957}]	109.0
60	{form_2001,wp_▁localisation} {pos_DET,wp_▁restés,wp_▁V} {wp_▁V} {wp_▁localisation}	[{11978, 11965}, {80, 12052, 11957}, {11957}, {11965}]	0.33519553072625696	{form_2001,wp_▁localisation} {pos_DET,wp_▁V} {wp_▁V} {wp_▁localisation}	[{11978, 11965}, {80, 11957}, {11957}, {11965}]	0.3575418994413408	{form_2001,wp_▁localisation} {lemma_le,form_RER,pos_DET,wp_▁restés,wp_▁V,wp_▁les} {wp_▁V} {wp_▁localisation}	[{11978, 11965}, {104, 12073, 80, 12052, 11957, 441}, {11957}, {11965}]	0.3240223463687151	{form_2001,wp_▁localisation} {pos_DET,wp_▁V} {wp_▁V}	[{11978, 11965}, {80, 11957}, {11957}]	88.0	{form_2001,wp_▁localisation} {pos_DET,wp_▁V} {wp_▁V}	[{11978, 11965}, {80, 11957}, {11957}]	88.0	{form_2001,wp_▁localisation} {pos_DET,wp_▁V} {form_Dynamiques,wp_▁V} {wp_▁localisation}	[{11978, 11965}, {80, 11957}, {11968, 11957}, {11965}]	0.35195530726256985	{form_2001,wp_▁localisation} {pos_DET,wp_▁V} {form_Dynamiques,wp_▁V} {wp_▁localisation}	[{11978, 11965}, {80, 11957}, {11968, 11957}, {11965}]	0.35195530726256985
61	{form_Dynamiques} {wp_▁localisation} {form_Dynamiques} {wp_▁localisation} {wp_▁localisation}	[{11968}, {11965}, {11968}, {11965}, {11965}]	0.27932960893854747	{form_Dynamiques} {wp_▁localisation} {wp_▁localisation} {wp_▁localisation}	[{11968}, {11965}, {11965}, {11965}]	0.33519553072625696	{form_Dynamiques,form_acquisition,lemma_7114} {wp_▁localisation} {wp_▁localisation}	[{11968, 12005, 11976}, {11965}, {11965}]	0.4134078212290503	{form_Dynamiques} {wp_▁localisation} {wp_▁localisation}	[{11968}, {11965}, {11965}]	127.0	{form_Dynamiques} {wp_▁localisation} {wp_▁localisation}	[{11968}, {11965}, {11965}]	127.0	{form_Dynamiques} {wp_▁localisation} {wp_▁localisation}	[{11968}, {11965}, {11965}]	127.0	{form_Dynamiques} {wp_▁localisation} {wp_▁localisation}	[{11968}, {11965}, {11965}]	127.0
62	{lemma_7114} {lemma_7114} {lemma_7114} {form_2001,wp_▁localisation}	[{11976}, {11976}, {11976}, {11978, 11965}]	0.2905027932960894	{lemma_7114} {lemma_7114} {form_2001,wp_▁localisation} {lemma_7114} {lemma_7114}	[{11976}, {11976}, {11978, 11965}, {11976}, {11976}]	65.0	{lemma_7114,wp_▁Historique} {lemma_7114} {lemma_de,form_2001,wp_▁localisation} {lemma_7114,form_acquisition}	[{11976, 11962}, {11976}, {9, 11978, 11965}, {11976, 12005}]	0.25139664804469275	{lemma_7114} {lemma_7114} {form_2001,wp_▁localisation} {lemma_7114}	[{11976}, {11976}, {11978, 11965}, {11976}]	92.0	{lemma_7114} {lemma_7114} {form_2001,wp_▁localisation} {lemma_7114}	[{11976}, {11976}, {11978, 11965}, {11976}]	92.0	{lemma_7114,wp_▁Historique} {lemma_7114} {lemma_de,form_2001,wp_▁localisation} {lemma_7114}	[{11976, 11962}, {11976}, {9, 11978, 11965}, {11976}]	0.33519553072625696	{lemma_7114,wp_▁Historique} {lemma_7114} {lemma_de,form_2001,wp_▁localisation} {lemma_7114}	[{11976, 11962}, {11976}, {9, 11978, 11965}, {11976}]	0.33519553072625696
63	{form_Dynamiques,lemma_7114} {lemma_de,form_2001,wp_▁localisation} {lemma_7114} {lemma_7114} {wp_▁localisation}	[{11968, 11976}, {9, 11978, 11965}, {11976}, {11976}, {11965}]	0.29608938547486036	{lemma_7114} {wp_▁localisation} {lemma_7114} {lemma_7114} {wp_▁localisation}	[{11976}, {11965}, {11976}, {11976}, {11965}]	85.0	{lemma_7114} {form_2001,wp_▁localisation} {lemma_le,form_RER,lemma_7114,pos_DET,wp_▁restés} {lemma_7114,form_acquisition}	[{11976}, {11978, 11965}, {104, 12073, 11976, 80, 12052}, {11976, 12005}]	0.29608938547486036	{lemma_7114} {wp_▁localisation} {lemma_7114} {lemma_7114} {wp_▁localisation}	[{11976}, {11965}, {11976}, {11976}, {11965}]	85.0	{lemma_7114} {form_2001,wp_▁localisation} {pos_DET,wp_▁restés,lemma_7114} {lemma_7114}	[{11976}, {11978, 11965}, {80, 12052, 11976}, {11976}]	75.0	{lemma_7114} {wp_▁localisation} {lemma_7114} {lemma_7114} {wp_▁localisation}	[{11976}, {11965}, {11976}, {11976}, {11965}]	85.0	{lemma_7114} {wp_▁localisation} {lemma_7114} {lemma_7114} {wp_▁localisation}	[{11976}, {11965}, {11976}, {11976}, {11965}]	85.0
64	{form_Dynamiques,form_acquisition} {lemma_de,form_2001,wp_▁de,wp_▁localisation} {lemma_7114}	[{11968, 12005}, {9, 11978, 12, 11965}, {11976}]	0.35195530726256985	{form_acquisition} {lemma_7114} {wp_▁localisation}	[{12005}, {11976}, {11965}]	102.0	{form_Dynamiques,form_acquisition,lemma_7114} {lemma_de,form_2001,wp_▁de,wp_▁localisation} {lemma_7114}	[{11968, 12005, 11976}, {9, 11978, 12, 11965}, {11976}]	0.31843575418994413	{form_acquisition} {lemma_7114} {wp_▁localisation}	[{12005}, {11976}, {11965}]	102.0	{lemma_de,form_2001,wp_▁localisation} {form_acquisition}	[{9, 11978, 11965}, {12005}]	94.0	{wp_▁localisation} {form_acquisition} {lemma_7114} {wp_▁localisation}	[{11965}, {12005}, {11976}, {11965}]	79.0	{wp_▁localisation} {form_acquisition} {lemma_7114} {wp_▁localisation}	[{11965}, {12005}, {11976}, {11965}]	79.0
65	{lemma_7114} {lemma_7114} {form_2001,wp_▁localisation} {lemma_7114} {lemma_7114} {wp_▁localisation}	[{11976}, {11976}, {11978, 11965}, {11976}, {11976}, {11965}]	0.30726256983240224	{lemma_7114} {lemma_7114} {form_2001,wp_▁localisation} {lemma_7114} {lemma_7114} {wp_▁localisation}	[{11976}, {11976}, {11978, 11965}, {11976}, {11976}, {11965}]	0.30726256983240224	{lemma_7114} {lemma_7114} {lemma_de,form_2001,wp_▁localisation} {lemma_7114} {lemma_7114} {wp_▁localisation}	[{11976}, {11976}, {9, 11978, 11965}, {11976}, {11976}, {11965}]	0.26256983240223464	{lemma_7114} {lemma_7114} {form_2001,wp_▁localisation} {lemma_7114} {lemma_7114} {wp_▁localisation}	[{11976}, {11976}, {11978, 11965}, {11976}, {11976}, {11965}]	0.30726256983240224	{lemma_7114} {lemma_7114} {form_2001,wp_▁localisation} {lemma_7114} {lemma_7114} {wp_▁localisation}	[{11976}, {11976}, {11978, 11965}, {11976}, {11976}, {11965}]	0.30726256983240224	{lemma_7114} {wp_▁localisation} {lemma_7114} {lemma_7114} {wp_▁localisation} {wp_▁localisation}	[{11976}, {11965}, {11976}, {11976}, {11965}, {11965}]	0.2905027932960894	{lemma_7114} {wp_▁localisation} {lemma_7114} {lemma_7114} {wp_▁localisation} {wp_▁localisation}	[{11976}, {11965}, {11976}, {11976}, {11965}, {11965}]	0.2905027932960894
66	{lemma_7114} {wp_▁localisation} {lemma_de,form_2001,wp_▁localisation} {pos_DET,wp_▁restés} {wp_▁Historique}	[{11976}, {11965}, {9, 11978, 11965}, {80, 12052}, {11962}]	0.30726256983240224	{lemma_7114} {wp_▁localisation} {form_2001,wp_▁localisation}	[{11976}, {11965}, {11978, 11965}]	97.0	{form_2001,wp_▁localisation} {lemma_le,form_RER,lemma_7114,pos_DET,wp_▁restés} {lemma_7114} {lemma_de,form_2001,wp_▁de,wp_▁localisation}	[{11978, 11965}, {104, 12073, 11976, 80, 12052}, {11976}, {9, 11978, 12, 11965}]	0.26256983240223464	{lemma_7114} {wp_▁localisation} {form_2001,wp_▁localisation}	[{11976}, {11965}, {11978, 11965}]	97.0	{lemma_7114} {wp_▁localisation} {form_2001,wp_▁localisation}	[{11976}, {11965}, {11978, 11965}]	97.0	{pos_DET,wp_▁restés,lemma_7114} {lemma_7114} {wp_▁localisation} {lemma_de,form_2001,wp_▁de,wp_▁localisation}	[{80, 12052, 11976}, {11976}, {11965}, {9, 11978, 12, 11965}]	0.2681564245810056	{pos_DET,wp_▁restés,lemma_7114} {lemma_7114} {wp_▁localisation} {lemma_de,form_2001,wp_▁de,wp_▁localisation}	[{80, 12052, 11976}, {11976}, {11965}, {9, 11978, 12, 11965}]	0.2681564245810056
67	{lemma__,wp_▁localisation,lemma_transport} {lemma_de,form_2001,wp_▁localisation,dep__} {dep__,lemma_le,form_RER,pos_DET,wp_▁restés} {wp_▁Historique} {wp_▁localisation}	[{25, 11965, 12071}, {9, 11978, 11965, 6}, {6, 104, 12073, 80, 12052}, {11962}, {11965}]	0.2681564245810056	{lemma__,wp_▁localisation,lemma_transport} {form_2001,wp_▁localisation,dep__} {dep__,lemma_le,form_RER,pos_DET,wp_▁restés} {wp_▁Historique}	[{25, 11965, 12071}, {11978, 11965, 6}, {6, 104, 12073, 80, 12052}, {11962}]	74.0	{lemma__,wp_▁localisation,lemma_transport} {dep__,lemma_de,form_2001,wp_▁de,wp_▁localisation} {dep__,lemma_le,form_RER,pos_DET,wp_▁restés} {wp_▁Historique}	[{25, 11965, 12071}, {6, 9, 11978, 12, 11965}, {6, 104, 12073, 80, 12052}, {11962}]	0.31843575418994413	{lemma__,wp_▁localisation,lemma_transport} {form_2001,wp_▁localisation,dep__} {dep__,lemma_le,form_RER,pos_DET,wp_▁restés} {wp_▁Historique}	[{25, 11965, 12071}, {11978, 11965, 6}, {6, 104, 12073, 80, 12052}, {11962}]	74.0	{lemma__,wp_▁localisation,lemma_transport} {form_2001,wp_▁localisation,dep__} {dep__,lemma_le,form_RER,pos_DET,wp_▁restés} {wp_▁Historique}	[{25, 11965, 12071}, {11978, 11965, 6}, {6, 104, 12073, 80, 12052}, {11962}]	74.0	{lemma__,wp_▁localisation,lemma_transport} {dep__,lemma_de,form_2001,wp_▁de,wp_▁localisation} {dep__,lemma_le,form_RER,pos_DET,wp_▁restés} {wp_▁Historique}	[{25, 11965, 12071}, {6, 9, 11978, 12, 11965}, {6, 104, 12073, 80, 12052}, {11962}]	0.31843575418994413	{lemma__,wp_▁localisation,lemma_transport} {dep__,lemma_de,form_2001,wp_▁de,wp_▁localisation} {dep__,lemma_le,form_RER,pos_DET,wp_▁restés} {wp_▁Historique}	[{25, 11965, 12071}, {6, 9, 11978, 12, 11965}, {6, 104, 12073, 80, 12052}, {11962}]	0.31843575418994413
68	{form_acquisition} {wp_▁localisation} {lemma_7114} {form_Dynamiques} {wp_▁localisation}	[{12005}, {11965}, {11976}, {11968}, {11965}]	0.2569832402234637	{form_acquisition} {wp_▁localisation} {lemma_7114} {form_Dynamiques} {wp_▁localisation}	[{12005}, {11965}, {11976}, {11968}, {11965}]	0.2569832402234637	{form_acquisition} {wp_▁localisation} {lemma_7114} {form_Dynamiques} {wp_▁localisation}	[{12005}, {11965}, {11976}, {11968}, {11965}]	0.2569832402234637	{form_acquisition} {pos_ADJ}	[{12005}, {153}]	48.0	{form_acquisition} {pos_ADJ}	[{12005}, {153}]	48.0	{form_acquisition} {pos_ADJ}	[{12005}, {153}]	48.0	{form_acquisition} {pos_ADJ}	[{12005}, {153}]	48.0
69	{form_2001,wp_▁localisation} {pos_DET,lemma_7114} {lemma_7114,form_acquisition}	[{11978, 11965}, {80, 11976}, {11976, 12005}]	76.0	{form_acquisition} {form_2001,wp_▁localisation}	[{12005}, {11978, 11965}]	108.0	{form_2001,wp_▁localisation} {pos_DET,wp_▁restés,form_acquisition,lemma_7114} {lemma_7114,form_acquisition}	[{11978, 11965}, {80, 12052, 12005, 11976}, {11976, 12005}]	0.2849162011173184	{form_acquisition} {form_2001,wp_▁localisation}	[{12005}, {11978, 11965}]	108.0	{pos_DET,lemma_7114}	[{80, 11976}]	129.0	{pos_DET,lemma_7114}	[{80, 11976}]	129.0	{pos_DET,lemma_7114}	[{80, 11976}]	129.0
70	{wp_▁d,wp_'}	[{22, 23}]	0.329608938547486	{wp_▁localisation,wp_'}	[{11965, 23}]	64.0	{lemma_de,form_2001,wp_▁d,wp_',wp_▁localisation}	[{9, 11978, 22, 23, 11965}]	0.3240223463687151	{wp_'}	[{23}]	96.0	{wp_▁localisation,wp_'}	[{11965, 23}]	64.0	{wp_'}	[{23}]	96.0	{wp_▁d,wp_'}	[{22, 23}]	0.329608938547486
71	{pos_DET} {form_acquisition} {wp_▁localisation} {lemma_7114}	[{80}, {12005}, {11965}, {11976}]	53.0	{wp_▁localisation} {lemma_7114} {wp_▁localisation} {form_acquisition}	[{11965}, {11976}, {11965}, {12005}]	0.2737430167597765	{wp_▁localisation} {lemma_le,form_RER,lemma_7114,pos_DET,wp_▁restés} {form_Dynamiques,lemma_7114} {wp_▁localisation} {form_2001,wp_▁localisation} {pos_DET,form_RER,lemma_le,wp_▁restés}	[{11965}, {104, 12073, 11976, 80, 12052}, {11968, 11976}, {11965}, {11978, 11965}, {80, 12073, 104, 12052}]	0.2569832402234637	{wp_▁localisation} {pos_DET} {form_acquisition} {wp_▁localisation}	[{11965}, {80}, {12005}, {11965}]	84.0	{pos_DET}	[{80}]	142.0	{pos_DET}	[{80}]	142.0	{pos_DET}	[{80}]	142.0
72	{form_acquisition} {wp_▁localisation} {form_acquisition} {wp_▁localisation}	[{12005}, {11965}, {12005}, {11965}]	0.2569832402234637	{form_acquisition} {wp_▁localisation} {wp_▁localisation}	[{12005}, {11965}, {11965}]	93.0	{form_acquisition} {wp_▁localisation} {wp_▁localisation}	[{12005}, {11965}, {11965}]	93.0	{form_acquisition} {wp_▁localisation} {wp_▁localisation}	[{12005}, {11965}, {11965}]	93.0	{form_acquisition} {wp_▁localisation} {wp_▁localisation}	[{12005}, {11965}, {11965}]	93.0	{form_acquisition} {wp_▁localisation} {wp_▁localisation} {dep__}	[{12005}, {11965}, {11965}, {6}]	0.27932960893854747	{form_acquisition} {wp_▁localisation} {wp_▁localisation} {dep__}	[{12005}, {11965}, {11965}, {6}]	0.27932960893854747
73	{form_caractérise,wp_▁caractérise,form_bus} {wp_▁localisation}	[{12241, 12242, 12087}, {11965}]	65.0	{form_bus} {wp_▁localisation}	[{12087}, {11965}]	98.0	{form_caractérise,wp_▁caractérise,form_centraux,form_bus,wp_▁Historique}	[{12241, 12242, 12243, 12087, 11962}]	0.2681564245810056	{form_bus} {wp_▁localisation}	[{12087}, {11965}]	98.0	{form_caractérise,wp_▁caractérise,form_centraux,form_bus}	[{12241, 12242, 12243, 12087}]	67.0	{wp_▁localisation} {form_bus}	[{11965}, {12087}]	70.0	{wp_▁localisation} {form_bus}	[{11965}, {12087}]	70.0
74	{wp_▁localisation} {wp_'} {lemma_7114}	[{11965}, {23}, {11976}]	61.0	{wp_▁localisation} {wp_'}	[{11965}, {23}]	66.0	{lemma_de,form_2001,wp_▁de,wp_▁localisation} {lemma_7114} {wp_▁localisation}	[{9, 11978, 12, 11965}, {11976}, {11965}]	0.3240223463687151	{wp_▁localisation} {wp_'}	[{11965}, {23}]	66.0	{wp_▁localisation} {wp_'}	[{11965}, {23}]	66.0	{wp_▁localisation} {wp_'}	[{11965}, {23}]	66.0	{wp_▁localisation} {wp_'}	[{11965}, {23}]	66.0
75	{lemma_le,form_RER,pos_DET,wp_▁restés,wp_▁V} {wp_▁V} {wp_▁localisation}	[{104, 12073, 80, 12052, 11957}, {11957}, {11965}]	0.3743016759776536	{lemma_le,form_RER,pos_DET,wp_▁restés,wp_▁V,wp_▁les} {wp_▁V}	[{104, 12073, 80, 12052, 11957, 441}, {11957}]	90.0	{lemma_le,form_RER,pos_DET,wp_▁restés,wp_▁V,wp_▁les} {form_Dynamiques,wp_▁Historique,wp_▁V}	[{104, 12073, 80, 12052, 11957, 441}, {11968, 11962, 11957}]	0.3743016759776536	{lemma_le,form_RER,pos_DET,wp_▁restés,wp_▁V} {wp_▁V}	[{104, 12073, 80, 12052, 11957}, {11957}]	91.0	{lemma_le,form_RER,pos_DET,wp_▁restés,wp_▁V,wp_▁les} {wp_▁V}	[{104, 12073, 80, 12052, 11957, 441}, {11957}]	90.0	{pos_DET,wp_▁restés,wp_▁V} {wp_▁V}	[{80, 12052, 11957}, {11957}]	93.0	{pos_DET,wp_▁restés,wp_▁V} {wp_▁V}	[{80, 12052, 11957}, {11957}]	93.0
76	{pos_ADJ} {wp_▁localisation} {lemma_7114}	[{153}, {11965}, {11976}]	0.26256983240223464	{pos_ADJ}	[{153}]	101.0	{lemma_7114,pos_ADJ}	[{11976, 153}]	69.0	{pos_ADJ}	[{153}]	101.0	{lemma_7114,pos_ADJ}	[{11976, 153}]	69.0	{pos_ADJ}	[{153}]	101.0	{lemma_7114,pos_ADJ}	[{11976, 153}]	69.0
77	{lemma_7114} {lemma_7114} {wp_▁localisation} {wp_▁localisation} {lemma_7114} {lemma_7114}	[{11976}, {11976}, {11965}, {11965}, {11976}, {11976}]	0.26256983240223464	{lemma_7114} {lemma_7114} {wp_▁localisation} {wp_▁localisation} {lemma_7114} {lemma_7114}	[{11976}, {11976}, {11965}, {11965}, {11976}, {11976}]	0.26256983240223464	{lemma_7114} {lemma_7114} {wp_▁localisation} {wp_▁localisation} {lemma_7114} {lemma_7114}	[{11976}, {11976}, {11965}, {11965}, {11976}, {11976}]	0.26256983240223464	{lemma_7114} {lemma_7114} {wp_▁localisation} {wp_▁localisation} {lemma_7114}	[{11976}, {11976}, {11965}, {11965}, {11976}]	0.3016759776536313	{lemma_7114} {lemma_7114} {wp_▁localisation} {wp_▁localisation} {lemma_7114}	[{11976}, {11976}, {11965}, {11965}, {11976}]	0.3016759776536313	{lemma_7114} {lemma_7114} {wp_▁localisation} {wp_▁localisation} {lemma_7114}	[{11976}, {11976}, {11965}, {11965}, {11976}]	0.3016759776536313	{lemma_7114} {lemma_7114} {wp_▁localisation} {wp_▁localisation} {lemma_7114}	[{11976}, {11976}, {11965}, {11965}, {11976}]	0.3016759776536313
78	{pos_DET,form_RER,lemma_le,wp_▁restés} {form_Dynamiques,wp_▁Historique} {wp_▁localisation} {form_Dynamiques}	[{80, 12073, 104, 12052}, {11968, 11962}, {11965}, {11968}]	0.329608938547486	{form_Dynamiques} {lemma__,wp_▁localisation,lemma_transport} {form_2001,wp_▁localisation,dep__} {dep__,lemma_le,form_RER,pos_DET,wp_▁restés} {form_Dynamiques,wp_▁Historique}	[{11968}, {25, 11965, 12071}, {11978, 11965, 6}, {6, 104, 12073, 80, 12052}, {11968, 11962}]	0.3407821229050279	{form_Dynamiques} {lemma__,wp_▁localisation,lemma_transport} {form_2001,wp_▁localisation,dep__} {dep__,lemma_le,form_RER,pos_DET,wp_▁restés,wp_▁V,wp_▁les} {form_Dynamiques,wp_▁Historique,wp_▁V}	[{11968}, {25, 11965, 12071}, {11978, 11965, 6}, {6, 104, 12073, 80, 12052, 11957, 441}, {11968, 11962, 11957}]	0.25139664804469275	{form_Dynamiques} {lemma__,wp_▁localisation,lemma_transport} {form_2001,wp_▁localisation,dep__} {dep__,lemma_le,form_RER,pos_DET,wp_▁restés} {form_Dynamiques,wp_▁Historique}	[{11968}, {25, 11965, 12071}, {11978, 11965, 6}, {6, 104, 12073, 80, 12052}, {11968, 11962}]	0.3407821229050279	{form_Dynamiques} {lemma__,wp_▁localisation,lemma_transport} {form_2001,wp_▁localisation,dep__} {dep__,lemma_le,form_RER,pos_DET,wp_▁restés} {form_Dynamiques,wp_▁Historique}	[{11968}, {25, 11965, 12071}, {11978, 11965, 6}, {6, 104, 12073, 80, 12052}, {11968, 11962}]	0.3407821229050279	{pos_DET,wp_▁restés} {form_Dynamiques,wp_▁Historique} {wp_▁localisation} {form_Dynamiques}	[{80, 12052}, {11968, 11962}, {11965}, {11968}]	0.3575418994413408	{pos_DET,wp_▁restés} {form_Dynamiques,wp_▁Historique} {wp_▁localisation} {form_Dynamiques}	[{80, 12052}, {11968, 11962}, {11965}, {11968}]	0.3575418994413408
79	{wp_▁V} {form_Dynamiques,wp_▁Historique,wp_▁V}	[{11957}, {11968, 11962, 11957}]	82.0	{wp_▁V}	[{11957}]	140.0	{wp_▁V} {form_Dynamiques,wp_▁Historique,wp_▁V}	[{11957}, {11968, 11962, 11957}]	82.0	{wp_▁V}	[{11957}]	140.0	{wp_▁V}	[{11957}]	140.0	{wp_▁V}	[{11957}]	140.0	{wp_▁V}	[{11957}]	140.0
80	{wp_▁V} {form_Dynamiques,wp_▁V}	[{11957}, {11968, 11957}]	105.0	{wp_▁V} {wp_▁V}	[{11957}, {11957}]	116.0	{form_Dynamiques,wp_▁V} {wp_▁V}	[{11968, 11957}, {11957}]	105.0	{wp_▁V} {wp_▁V}	[{11957}, {11957}]	116.0	{wp_▁V} {wp_▁V}	[{11957}, {11957}]	116.0	{wp_▁V} {wp_▁V}	[{11957}, {11957}]	116.0	{wp_▁V} {wp_▁V}	[{11957}, {11957}]	116.0
81	{form_Dynamiques} {form_placé} {wp_▁localisation}	[{11968}, {11983}, {11965}]	0.3240223463687151	{form_Dynamiques} {form_placé} {wp_▁localisation}	[{11968}, {11983}, {11965}]	0.3240223463687151	{form_Dynamiques,lemma_7114} {wp_▁localisation} {wp_▁localisation,form_placé}	[{11968, 11976}, {11965}, {11965, 11983}]	0.2569832402234637	{form_Dynamiques} {form_placé}	[{11968}, {11983}]	65.0	{form_Dynamiques} {form_placé}	[{11968}, {11983}]	65.0	{form_Dynamiques,lemma_7114} {form_placé} {wp_▁localisation}	[{11968, 11976}, {11983}, {11965}]	0.27932960893854747	{form_Dynamiques,lemma_7114} {form_placé} {wp_▁localisation}	[{11968, 11976}, {11983}, {11965}]	0.27932960893854747
82	{wp_s} {wp_▁localisation}	[{300}, {11965}]	0.3575418994413408	{wp_s,wp_▁V}	[{300, 11957}]	0.39106145251396646	{wp_s,wp_▁V}	[{300, 11957}]	0.39106145251396646	{wp_s}	[{300}]	76.0	{wp_s}	[{300}]	76.0	{wp_s}	[{300}]	76.0	{wp_s,wp_▁V}	[{300, 11957}]	0.39106145251396646
83	{lemma_7114,form_acquisition} {form_bus}	[{11976, 12005}, {12087}]	0.26256983240223464	{lemma_7114,form_acquisition} {form_bus}	[{11976, 12005}, {12087}]	0.26256983240223464	{lemma_7114,form_acquisition} {lemma_7114,form_bus}	[{11976, 12005}, {11976, 12087}]	0.2569832402234637	{lemma_7114,form_acquisition}	[{11976, 12005}]	146.0	{lemma_7114,form_acquisition}	[{11976, 12005}]	146.0	{lemma_7114} {form_bus}	[{11976}, {12087}]	73.0	{lemma_7114} {form_bus}	[{11976}, {12087}]	73.0
84	{lemma__,wp_▁localisation,lemma_transport} {form_2001,wp_▁localisation,dep__} {dep__,lemma_le,form_RER,pos_DET,wp_▁restés,wp_▁V,wp_▁les} {form_Dynamiques,wp_▁V} {wp_▁localisation}	[{25, 11965, 12071}, {11978, 11965, 6}, {6, 104, 12073, 80, 12052, 11957, 441}, {11968, 11957}, {11965}]	0.26256983240223464	{form_Dynamiques} {lemma__,wp_▁localisation,lemma_transport} {form_2001,wp_▁localisation,dep__} {dep__,lemma_le,form_RER,pos_DET,wp_▁restés} {form_Dynamiques}	[{11968}, {25, 11965, 12071}, {11978, 11965, 6}, {6, 104, 12073, 80, 12052}, {11968}]	0.37988826815642457	{lemma__,wp_▁localisation,lemma_transport} {form_2001,wp_▁localisation,dep__} {dep__,lemma_le,form_RER,pos_DET,wp_▁restés,wp_▁V,wp_▁les} {wp_▁V}	[{25, 11965, 12071}, {11978, 11965, 6}, {6, 104, 12073, 80, 12052, 11957, 441}, {11957}]	0.3463687150837989	{form_Dynamiques} {lemma__,wp_▁localisation,lemma_transport} {form_2001,wp_▁localisation,dep__} {dep__,lemma_le,form_RER,pos_DET,wp_▁restés} {form_Dynamiques}	[{11968}, {25, 11965, 12071}, {11978, 11965, 6}, {6, 104, 12073, 80, 12052}, {11968}]	0.37988826815642457	{lemma__,wp_▁localisation,lemma_transport} {form_2001,wp_▁localisation,dep__} {dep__,lemma_le,form_RER,pos_DET,wp_▁restés} {form_Dynamiques} {wp_▁localisation}	[{25, 11965, 12071}, {11978, 11965, 6}, {6, 104, 12073, 80, 12052}, {11968}, {11965}]	0.40782122905027934	{lemma__,wp_▁localisation,lemma_transport} {form_2001,wp_▁localisation,dep__} {dep__,lemma_le,form_RER,pos_DET,wp_▁restés} {form_Dynamiques} {form_2001,wp_▁localisation}	[{25, 11965, 12071}, {11978, 11965, 6}, {6, 104, 12073, 80, 12052}, {11968}, {11978, 11965}]	0.2569832402234637	{lemma__,wp_▁localisation,lemma_transport} {form_2001,wp_▁localisation,dep__} {dep__,lemma_le,form_RER,pos_DET,wp_▁restés} {form_Dynamiques} {form_2001,wp_▁localisation}	[{25, 11965, 12071}, {11978, 11965, 6}, {6, 104, 12073, 80, 12052}, {11968}, {11978, 11965}]	0.2569832402234637
85	{form_acquisition} {form_acquisition} {wp_▁localisation} {lemma_7114}	[{12005}, {12005}, {11965}, {11976}]	49.0	{lemma_7114} {wp_▁localisation} {lemma_7114,form_acquisition} {lemma_7114,form_acquisition}	[{11976}, {11965}, {11976, 12005}, {11976, 12005}]	0.31843575418994413	{lemma_7114} {form_2001,wp_▁localisation} {lemma_7114,form_acquisition} {lemma_7114,form_acquisition}	[{11976}, {11978, 11965}, {11976, 12005}, {11976, 12005}]	0.2737430167597765	{form_acquisition} {form_acquisition} {wp_▁localisation} {lemma_7114}	[{12005}, {12005}, {11965}, {11976}]	49.0	{form_acquisition} {form_acquisition} {wp_▁localisation} {lemma_7114}	[{12005}, {12005}, {11965}, {11976}]	49.0	{lemma_7114} {wp_▁localisation} {lemma_7114,form_acquisition} {lemma_7114,form_acquisition}	[{11976}, {11965}, {11976, 12005}, {11976, 12005}]	0.31843575418994413	{lemma_7114} {wp_▁localisation} {lemma_7114,form_acquisition} {lemma_7114,form_acquisition}	[{11976}, {11965}, {11976, 12005}, {11976, 12005}]	0.31843575418994413
86	{form_Dynamiques} {pos_ADJ} {wp_▁localisation}	[{11968}, {153}, {11965}]	59.0	{form_Dynamiques} {pos_ADJ}	[{11968}, {153}]	78.0	{form_Dynamiques,wp_▁Historique} {pos_ADJ}	[{11968, 11962}, {153}]	0.2737430167597765	{form_Dynamiques} {pos_ADJ}	[{11968}, {153}]	78.0	{form_Dynamiques} {pos_ADJ}	[{11968}, {153}]	78.0	{form_Dynamiques} {pos_ADJ}	[{11968}, {153}]	78.0	{form_Dynamiques} {pos_ADJ}	[{11968}, {153}]	78.0
87	{wp_▁caractérise}	[{12242}]	78.0	{wp_▁caractérise,form_bus}	[{12242, 12087}]	77.0	{lemma_7114,form_caractérise,wp_▁caractérise}	[{11976, 12241, 12242}]	50.0	{wp_▁caractérise}	[{12242}]	78.0	{form_caractérise,wp_▁Historique,wp_▁caractérise}	[{12241, 11962, 12242}]	56.0	{wp_▁caractérise}	[{12242}]	78.0	{wp_▁caractérise}	[{12242}]	78.0
88	{wp_▁localisation} {form_2001,wp_▁localisation} {wp_▁V} {wp_▁Historique}	[{11965}, {11978, 11965}, {11957}, {11962}]	0.33519553072625696	{wp_▁V} {wp_▁localisation} {wp_▁localisation}	[{11957}, {11965}, {11965}]	0.3016759776536313	{wp_▁localisation} {lemma_de,form_2001,wp_▁de,wp_▁localisation} {wp_▁les,wp_▁V}	[{11965}, {9, 11978, 12, 11965}, {441, 11957}]	0.31843575418994413	{wp_▁localisation} {wp_▁localisation} {wp_▁V}	[{11965}, {11965}, {11957}]	95.0	{wp_▁localisation} {form_2001,wp_▁localisation} {wp_▁V}	[{11965}, {11978, 11965}, {11957}]	84.0	{wp_▁localisation} {wp_▁localisation} {wp_▁V}	[{11965}, {11965}, {11957}]	95.0	{wp_▁localisation} {wp_▁localisation} {wp_▁V}	[{11965}, {11965}, {11957}]	95.0
89	{wp_▁en}	[{88}]	0.2737430167597765	{wp_▁en}	[{88}]	0.2737430167597765	{wp_▁en,form_2001,wp_▁localisation,lemma_en}	[{88, 11978, 11965, 87}]	0.2681564245810056	{wp_▁en}	[{88}]	0.2737430167597765	{wp_▁en,form_2001,wp_▁localisation,lemma_en}	[{88, 11978, 11965, 87}]	0.2681564245810056	{wp_▁en}	[{88}]	0.2737430167597765	{wp_▁en}	[{88}]	0.2737430167597765
90	{wp_-}	[{176}]	0.26256983240223464	{wp_-}	[{176}]	0.26256983240223464	{wp_-}	[{176}]	0.26256983240223464	{wp_-}	[{176}]	0.26256983240223464	{wp_-}	[{176}]	0.26256983240223464	{wp_-}	[{176}]	0.26256983240223464	{wp_-}	[{176}]	0.26256983240223464
91	{form_distinguait} {form_Dynamiques}	[{12098}, {11968}]	0.26256983240223464	{form_distinguait}	[{12098}]	0.5642458100558659	{form_distinguait,wp_▁bilingue}	[{12098, 12380}]	0.31843575418994413	{form_distinguait}	[{12098}]	0.5642458100558659	{form_distinguait}	[{12098}]	0.5642458100558659	{form_distinguait}	[{12098}]	0.5642458100558659	{form_distinguait}	[{12098}]	0.5642458100558659
92	{form_distinguait} {wp_▁localisation}	[{12098}, {11965}]	0.41899441340782123	{form_distinguait} {wp_▁localisation}	[{12098}, {11965}]	0.41899441340782123	{form_distinguait} {lemma_localisation,wp_▁localisation}	[{12098}, {11964, 11965}]	0.3407821229050279	{form_distinguait} {wp_▁localisation}	[{12098}, {11965}]	0.41899441340782123	{form_distinguait} {wp_▁localisation}	[{12098}, {11965}]	0.41899441340782123	{form_distinguait} {wp_▁localisation}	[{12098}, {11965}]	0.41899441340782123	{form_distinguait} {wp_▁localisation}	[{12098}, {11965}]	0.41899441340782123
93	{wp_.}	[{57}]	145.0	{wp_.}	[{57}]	145.0	{wp_.,lemma_localisation,wp_▁localisation,lemma_.}	[{57, 11964, 11965, 54}]	138.0	{wp_.}	[{57}]	145.0	{wp_.,lemma_localisation,wp_▁localisation,lemma_.}	[{57, 11964, 11965, 54}]	138.0	{wp_.}	[{57}]	145.0	{wp_.,lemma_localisation,wp_▁localisation,lemma_.}	[{57, 11964, 11965, 54}]	138.0
94	{wp_▁V} {wp_.}	[{11957}, {57}]	0.25139664804469275	{wp_▁V} {wp_.}	[{11957}, {57}]	0.25139664804469275	{wp_▁V} {wp_.}	[{11957}, {57}]	0.25139664804469275	{wp_▁V} {wp_.}	[{11957}, {57}]	0.25139664804469275	{wp_▁V} {wp_.}	[{11957}, {57}]	0.25139664804469275	{wp_▁V} {wp_.}	[{11957}, {57}]	0.25139664804469275	{wp_▁V} {wp_.}	[{11957}, {57}]	0.25139664804469275
95	{form_Dynamiques,lemma_7114} {form_Novembre}	[{11968, 11976}, {11959}]	0.25139664804469275	{form_Dynamiques,lemma_7114} {form_Novembre}	[{11968, 11976}, {11959}]	0.25139664804469275	{form_Dynamiques,lemma_7114} {form_Novembre}	[{11968, 11976}, {11959}]	0.25139664804469275	{form_Dynamiques} {form_Novembre}	[{11968}, {11959}]	0.2849162011173184	{form_Dynamiques,lemma_7114} {form_Novembre}	[{11968, 11976}, {11959}]	0.25139664804469275	{form_Dynamiques} {form_Novembre}	[{11968}, {11959}]	0.2849162011173184	{form_Dynamiques,lemma_7114} {form_Novembre}	[{11968, 11976}, {11959}]	0.25139664804469275
96	{lemma_7114} {form_distinguait}	[{11976}, {12098}]	0.25139664804469275	{lemma_7114} {form_distinguait}	[{11976}, {12098}]	0.25139664804469275	{lemma_7114} {form_distinguait}	[{11976}, {12098}]	0.25139664804469275	{lemma_7114} {form_distinguait}	[{11976}, {12098}]	0.25139664804469275	{lemma_7114} {form_distinguait}	[{11976}, {12098}]	0.25139664804469275	{lemma_7114} {form_distinguait}	[{11976}, {12098}]	0.25139664804469275	{lemma_7114} {form_distinguait}	[{11976}, {12098}]	0.25139664804469275
97	{wp_▁des}	[{147}]	61.0	{wp_▁des}	[{147}]	61.0	{wp_▁des}	[{147}]	61.0	{wp_▁des}	[{147}]	61.0	{wp_▁des}	[{147}]	61.0	{wp_▁des}	[{147}]	61.0	{wp_▁des}	[{147}]	61.0
98	{wp_▁localisation} {wp_▁localisation} {wp_▁localisation}	[{11965}, {11965}, {11965}]	0.4134078212290503	{wp_▁localisation} {wp_▁localisation} {wp_▁localisation}	[{11965}, {11965}, {11965}]	0.4134078212290503	{wp_▁localisation} {wp_▁localisation} {wp_▁localisation}	[{11965}, {11965}, {11965}]	0.4134078212290503	{wp_▁localisation} {wp_▁localisation} {wp_▁localisation}	[{11965}, {11965}, {11965}]	0.4134078212290503	{wp_▁localisation} {wp_▁localisation} {wp_▁localisation}	[{11965}, {11965}, {11965}]	0.4134078212290503	{wp_▁localisation} {wp_▁localisation} {wp_▁localisation}	[{11965}, {11965}, {11965}]	0.4134078212290503	{wp_▁localisation} {wp_▁localisation} {wp_▁localisation}	[{11965}, {11965}, {11965}]	0.4134078212290503
99	{wp_▁localisation} {form_placé} {wp_▁localisation}	[{11965}, {11983}, {11965}]	0.2849162011173184	{wp_▁localisation} {form_placé} {wp_▁localisation}	[{11965}, {11983}, {11965}]	0.2849162011173184	{wp_▁localisation} {form_placé} {wp_▁localisation}	[{11965}, {11983}, {11965}]	0.2849162011173184	{wp_▁localisation} {form_placé} {wp_▁localisation}	[{11965}, {11983}, {11965}]	0.2849162011173184	{wp_▁localisation} {form_placé} {wp_▁localisation}	[{11965}, {11983}, {11965}]	0.2849162011173184	{wp_▁localisation} {form_placé} {wp_▁localisation}	[{11965}, {11983}, {11965}]	0.2849162011173184	{wp_▁localisation} {form_placé} {wp_▁localisation}	[{11965}, {11983}, {11965}]	0.2849162011173184
