	motifs_int	motifs_str	k	M	f	t	T	indice
{5} {5} {18}	[{5}, {5}, {18}]	{feats_Number=Sing} {feats_Number=Sing} {pos_ADP}	20607	19512	24557	48774	61384	inf
{5,24,27} {3} {17,18}	[{24, 27, 5}, {3}, {17, 18}]	{feats_Number=Sing,pos_DET,feats_PronType=Art} {pos_NOUN} {lemma_de,pos_ADP}	12492	9926	12492	48774	61384	inf
{3} {18} {24} {3}	[{3}, {18}, {24}, {3}]	{pos_NOUN} {pos_ADP} {pos_DET} {pos_NOUN}	15604	12399	15604	48774	61384	inf
{5,24,27} {5} {5}	[{24, 27, 5}, {5}, {5}]	{feats_Number=Sing,pos_DET,feats_PronType=Art} {feats_Number=Sing} {feats_Number=Sing}	16041	12746	16041	48774	61384	inf
{18} {24,26} {26}	[{18}, {24, 26}, {26}]	{pos_ADP} {pos_DET,feats_Gender=Fem} {feats_Gender=Fem}	12929	10273	12929	48774	61384	inf
{3} {18} {24} {26}	[{3}, {18}, {24}, {26}]	{pos_NOUN} {pos_ADP} {pos_DET} {feats_Gender=Fem}	12319	9789	12319	48774	61384	inf
{5,24} {5} {5}	[{24, 5}, {5}, {5}]	{feats_Number=Sing,pos_DET} {feats_Number=Sing} {feats_Number=Sing}	16987	13498	16987	48774	61384	inf
{5} {3,5} {17,18}	[{5}, {3, 5}, {17, 18}]	{feats_Number=Sing} {pos_NOUN,feats_Number=Sing} {lemma_de,pos_ADP}	13621	10823	13621	48774	61384	inf
{5,24} {5} {105}	[{24, 5}, {5}, {105}]	{feats_Number=Sing,pos_DET} {feats_Number=Sing} {pos_PUNCT}	12852	10212	12852	48774	61384	inf
{17,18,728,730} {24} {3,4}	[{728, 17, 18, 730}, {24}, {3, 4}]	{lemma_de,pos_ADP,feats_de,wp_▁de} {pos_DET} {pos_NOUN,feats_Gender=Masc}	13647	10844	13647	48774	61384	inf
{3} {17,18} {26}	[{3}, {17, 18}, {26}]	{pos_NOUN} {lemma_de,pos_ADP} {feats_Gender=Fem}	14416	11455	14416	48774	61384	inf
{17,18,730} {5,24} {3,5}	[{17, 18, 730}, {24, 5}, {3, 5}]	{lemma_de,pos_ADP,wp_▁de} {feats_Number=Sing,pos_DET} {pos_NOUN,feats_Number=Sing}	15565	12368	15565	48774	61384	inf
{5,24,25,27} {5} {18}	[{24, 25, 27, 5}, {5}, {18}]	{feats_Number=Sing,pos_DET,feats_Definite=Def,feats_PronType=Art} {feats_Number=Sing} {pos_ADP}	14027	11146	14027	48774	61384	inf
{5,23,24,25,27} {5} {18}	[{5, 23, 24, 25, 27}, {5}, {18}]	{feats_Number=Sing,lemma_le,pos_DET,feats_Definite=Def,feats_PronType=Art} {feats_Number=Sing} {pos_ADP}	14024	11143	14024	48774	61384	inf
{730} {23} {26}	[{730}, {23}, {26}]	{wp_▁de} {lemma_le} {feats_Gender=Fem}	13607	10812	13607	48774	61384	inf
{730} {24,27} {26}	[{730}, {24, 27}, {26}]	{wp_▁de} {pos_DET,feats_PronType=Art} {feats_Gender=Fem}	13607	10812	13607	48774	61384	inf
{17} {24} {26}	[{17}, {24}, {26}]	{lemma_de} {pos_DET} {feats_Gender=Fem}	15145	12034	15145	48774	61384	inf
{730} {5,24} {5}	[{730}, {24, 5}, {5}]	{wp_▁de} {feats_Number=Sing,pos_DET} {feats_Number=Sing}	17938	14253	17938	48774	61384	inf
{5,24,27} {3} {5}	[{24, 27, 5}, {3}, {5}]	{feats_Number=Sing,pos_DET,feats_PronType=Art} {pos_NOUN} {feats_Number=Sing}	13319	10583	13319	48774	61384	inf
{18} {5,23,24,25,27} {5,26}	[{18}, {5, 23, 24, 25, 27}, {26, 5}]	{pos_ADP} {feats_Number=Sing,lemma_le,pos_DET,feats_Definite=Def,feats_PronType=Art} {feats_Number=Sing,feats_Gender=Fem}	15667	12449	15667	48774	61384	inf
{18} {5,24,25,27} {4,5}	[{18}, {24, 25, 27, 5}, {4, 5}]	{pos_ADP} {feats_Number=Sing,pos_DET,feats_Definite=Def,feats_PronType=Art} {feats_Gender=Masc,feats_Number=Sing}	16573	13169	16573	48774	61384	inf
{3} {18} {5,26}	[{3}, {18}, {26, 5}]	{pos_NOUN} {pos_ADP} {feats_Number=Sing,feats_Gender=Fem}	15027	11940	15027	48774	61384	inf
{18} {5,23,24,25,27} {3,5,26}	[{18}, {5, 23, 24, 25, 27}, {26, 3, 5}]	{pos_ADP} {feats_Number=Sing,lemma_le,pos_DET,feats_Definite=Def,feats_PronType=Art} {pos_NOUN,feats_Number=Sing,feats_Gender=Fem}	15027	11940	15027	48774	61384	inf
{5} {18} {5,23,24,25,27}	[{5}, {18}, {5, 23, 24, 25, 27}]	{feats_Number=Sing} {pos_ADP} {feats_Number=Sing,lemma_le,pos_DET,feats_Definite=Def,feats_PronType=Art}	13178	10471	13178	48774	61384	inf
{5} {18} {5} {26}	[{5}, {18}, {5}, {26}]	{feats_Number=Sing} {pos_ADP} {feats_Number=Sing} {feats_Gender=Fem}	12277	9755	12277	48774	61384	inf
{5} {18} {3}	[{5}, {18}, {3}]	{feats_Number=Sing} {pos_ADP} {pos_NOUN}	13598	10805	13598	48774	61384	inf
{17,18,730} {24,27} {4}	[{17, 18, 730}, {24, 27}, {4}]	{lemma_de,pos_ADP,wp_▁de} {pos_DET,feats_PronType=Art} {feats_Gender=Masc}	14575	11581	14575	48774	61384	inf
{5} {18,730} {5}	[{5}, {730, 18}, {5}]	{feats_Number=Sing} {pos_ADP,wp_▁de} {feats_Number=Sing}	13037	10359	13037	48774	61384	inf
{5} {3} {5}	[{5}, {3}, {5}]	{feats_Number=Sing} {pos_NOUN} {feats_Number=Sing}	15147	12036	15147	48774	61384	inf
{5} {3} {17,18}	[{5}, {3}, {17, 18}]	{feats_Number=Sing} {pos_NOUN} {lemma_de,pos_ADP}	13654	10849	13654	48774	61384	inf
{5,24,27} {3,5} {17,18}	[{24, 27, 5}, {3, 5}, {17, 18}]	{feats_Number=Sing,pos_DET,feats_PronType=Art} {pos_NOUN,feats_Number=Sing} {lemma_de,pos_ADP}	12487	9922	12487	48774	61384	inf
{17,18} {23,24,25,27} {5}	[{17, 18}, {24, 25, 27, 23}, {5}]	{lemma_de,pos_ADP} {lemma_le,pos_DET,feats_Definite=Def,feats_PronType=Art} {feats_Number=Sing}	17420	13842	17420	48774	61384	inf
{5} {3} {18} {5}	[{5}, {3}, {18}, {5}]	{feats_Number=Sing} {pos_NOUN} {pos_ADP} {feats_Number=Sing}	12806	10175	12806	48774	61384	inf
{18} {5,24,26} {26}	[{18}, {24, 26, 5}, {26}]	{pos_ADP} {feats_Number=Sing,pos_DET,feats_Gender=Fem} {feats_Gender=Fem}	12806	10175	12806	48774	61384	inf
{5} {3} {105}	[{5}, {3}, {105}]	{feats_Number=Sing} {pos_NOUN} {pos_PUNCT}	12414	9864	12414	48774	61384	inf
{5} {3,5} {18} {5}	[{5}, {3, 5}, {18}, {5}]	{feats_Number=Sing} {pos_NOUN,feats_Number=Sing} {pos_ADP} {feats_Number=Sing}	12728	10113	12728	48774	61384	inf
{730} {24,27} {3,26}	[{730}, {24, 27}, {26, 3}]	{wp_▁de} {pos_DET,feats_PronType=Art} {pos_NOUN,feats_Gender=Fem}	13054	10373	13054	48774	61384	inf
{730} {24,27} {3,5}	[{730}, {24, 27}, {3, 5}]	{wp_▁de} {pos_DET,feats_PronType=Art} {pos_NOUN,feats_Number=Sing}	14898	11838	14898	48774	61384	inf
{5} {18} {5,23,24,25,27} {5}	[{5}, {18}, {5, 23, 24, 25, 27}, {5}]	{feats_Number=Sing} {pos_ADP} {feats_Number=Sing,lemma_le,pos_DET,feats_Definite=Def,feats_PronType=Art} {feats_Number=Sing}	13082	10395	13082	48774	61384	inf
{23,24,25,27} {3} {17,18,730}	[{24, 25, 27, 23}, {3}, {17, 18, 730}]	{lemma_le,pos_DET,feats_Definite=Def,feats_PronType=Art} {pos_NOUN} {lemma_de,pos_ADP,wp_▁de}	12585	10000	12585	48774	61384	inf
{23,24,25,27} {3} {18} {5}	[{24, 25, 27, 23}, {3}, {18}, {5}]	{lemma_le,pos_DET,feats_Definite=Def,feats_PronType=Art} {pos_NOUN} {pos_ADP} {feats_Number=Sing}	13747	10923	13747	48774	61384	inf
{18} {4} {3,4}	[{18}, {4}, {3, 4}]	{pos_ADP} {feats_Gender=Masc} {pos_NOUN,feats_Gender=Masc}	14887	11829	14887	48774	61384	inf
{730} {24} {3,5}	[{730}, {24}, {3, 5}]	{wp_▁de} {pos_DET} {pos_NOUN,feats_Number=Sing}	15569	12371	15569	48774	61384	inf
{23,24,25,27} {5} {18}	[{24, 25, 27, 23}, {5}, {18}]	{lemma_le,pos_DET,feats_Definite=Def,feats_PronType=Art} {feats_Number=Sing} {pos_ADP}	14031	11149	14031	48774	61384	inf
{5,24,25,27} {3,5} {18}	[{24, 25, 27, 5}, {3, 5}, {18}]	{feats_Number=Sing,pos_DET,feats_Definite=Def,feats_PronType=Art} {pos_NOUN,feats_Number=Sing} {pos_ADP}	13551	10767	13551	48774	61384	inf
{23,24,25,27} {3} {17,18}	[{24, 25, 27, 23}, {3}, {17, 18}]	{lemma_le,pos_DET,feats_Definite=Def,feats_PronType=Art} {pos_NOUN} {lemma_de,pos_ADP}	14718	11695	14718	48774	61384	inf
{18} {23} {5,26}	[{18}, {23}, {26, 5}]	{pos_ADP} {lemma_le} {feats_Number=Sing,feats_Gender=Fem}	15671	12452	15671	48774	61384	inf
{730} {5,24,27} {3}	[{730}, {24, 27, 5}, {3}]	{wp_▁de} {feats_Number=Sing,pos_DET,feats_PronType=Art} {pos_NOUN}	14902	11841	14902	48774	61384	inf
{23,24,25,27} {3} {11}	[{24, 25, 27, 23}, {3}, {11}]	{lemma_le,pos_DET,feats_Definite=Def,feats_PronType=Art} {pos_NOUN} {pos_ADJ}	12993	10324	12993	48774	61384	inf
{18} {4,5,24,27} {4,5}	[{18}, {24, 27, 4, 5}, {4, 5}]	{pos_ADP} {feats_Gender=Masc,feats_Number=Sing,pos_DET,feats_PronType=Art} {feats_Gender=Masc,feats_Number=Sing}	16069	12768	16069	48774	61384	inf
{18} {5,24,26,27} {5,26}	[{18}, {24, 26, 27, 5}, {26, 5}]	{pos_ADP} {feats_Number=Sing,pos_DET,feats_Gender=Fem,feats_PronType=Art} {feats_Number=Sing,feats_Gender=Fem}	12265	9746	12265	48774	61384	inf
{18} {4} {3,4,5}	[{18}, {4}, {3, 4, 5}]	{pos_ADP} {feats_Gender=Masc} {pos_NOUN,feats_Gender=Masc,feats_Number=Sing}	14617	11614	14617	48774	61384	inf
{3} {17,18,730} {5}	[{3}, {17, 18, 730}, {5}]	{pos_NOUN} {lemma_de,pos_ADP,wp_▁de} {feats_Number=Sing}	16155	12836	16155	48774	61384	inf
{3} {17,18,728,730} {5}	[{3}, {728, 17, 18, 730}, {5}]	{pos_NOUN} {lemma_de,pos_ADP,feats_de,wp_▁de} {feats_Number=Sing}	16153	12835	16153	48774	61384	inf
{3} {18} {5} {5}	[{3}, {18}, {5}, {5}]	{pos_NOUN} {pos_ADP} {feats_Number=Sing} {feats_Number=Sing}	16542	13144	16542	48774	61384	inf
{5} {18} {24} {3}	[{5}, {18}, {24}, {3}]	{feats_Number=Sing} {pos_ADP} {pos_DET} {pos_NOUN}	16054	12756	16054	48774	61384	inf
{730} {23,24,25,27} {3}	[{730}, {24, 25, 27, 23}, {3}]	{wp_▁de} {lemma_le,pos_DET,feats_Definite=Def,feats_PronType=Art} {pos_NOUN}	19506	15499	19506	48774	61384	inf
{18} {5,26} {5}	[{18}, {26, 5}, {5}]	{pos_ADP} {feats_Number=Sing,feats_Gender=Fem} {feats_Number=Sing}	14871	11816	14871	48774	61384	inf
{17,18,728,730} {5} {5}	[{728, 17, 18, 730}, {5}, {5}]	{lemma_de,pos_ADP,feats_de,wp_▁de} {feats_Number=Sing} {feats_Number=Sing}	18954	15060	18954	48774	61384	inf
{92} {92} {105}	[{92}, {92}, {105}]	{feats_Number=Plur} {feats_Number=Plur} {pos_PUNCT}	13333	10594	13333	48774	61384	inf
{730} {23,24,25,27} {3,5}	[{730}, {24, 25, 27, 23}, {3, 5}]	{wp_▁de} {lemma_le,pos_DET,feats_Definite=Def,feats_PronType=Art} {pos_NOUN,feats_Number=Sing}	14897	11837	14897	48774	61384	inf
{730} {92} {92}	[{730}, {92}, {92}]	{wp_▁de} {feats_Number=Plur} {feats_Number=Plur}	13891	11038	13891	48774	61384	inf
{730} {24} {3,26}	[{730}, {24}, {26, 3}]	{wp_▁de} {pos_DET} {pos_NOUN,feats_Gender=Fem}	13791	10958	13791	48774	61384	inf
{730} {5} {5}	[{730}, {5}, {5}]	{wp_▁de} {feats_Number=Sing} {feats_Number=Sing}	19002	15099	19002	48774	61384	inf
{730} {5} {3}	[{730}, {5}, {3}]	{wp_▁de} {feats_Number=Sing} {pos_NOUN}	15754	12518	15754	48774	61384	inf
{18} {4,5,24,25,27} {5}	[{18}, {4, 5, 24, 25, 27}, {5}]	{pos_ADP} {feats_Gender=Masc,feats_Number=Sing,pos_DET,feats_Definite=Def,feats_PronType=Art} {feats_Number=Sing}	14941	11872	14941	48774	61384	inf
{730} {5} {3,5}	[{730}, {5}, {3, 5}]	{wp_▁de} {feats_Number=Sing} {pos_NOUN,feats_Number=Sing}	15719	12490	15719	48774	61384	inf
{18} {24} {92}	[{18}, {24}, {92}]	{pos_ADP} {pos_DET} {feats_Number=Plur}	17327	13768	17327	48774	61384	inf
{730} {5,24,27} {5}	[{730}, {24, 27, 5}, {5}]	{wp_▁de} {feats_Number=Sing,pos_DET,feats_PronType=Art} {feats_Number=Sing}	17327	13768	17327	48774	61384	inf
{730} {5,23,24,25,27} {5}	[{730}, {5, 23, 24, 25, 27}, {5}]	{wp_▁de} {feats_Number=Sing,lemma_le,pos_DET,feats_Definite=Def,feats_PronType=Art} {feats_Number=Sing}	17326	13767	17326	48774	61384	inf
{17,18,730} {5,23,24,25,27} {3}	[{17, 18, 730}, {5, 23, 24, 25, 27}, {3}]	{lemma_de,pos_ADP,wp_▁de} {feats_Number=Sing,lemma_le,pos_DET,feats_Definite=Def,feats_PronType=Art} {pos_NOUN}	14899	11838	14899	48774	61384	inf
{23,24,25,27} {3} {730}	[{24, 25, 27, 23}, {3}, {730}]	{lemma_le,pos_DET,feats_Definite=Def,feats_PronType=Art} {pos_NOUN} {wp_▁de}	12592	10005	12592	48774	61384	inf
{18} {23,24,25,27} {3,5}	[{18}, {24, 25, 27, 23}, {3, 5}]	{pos_ADP} {lemma_le,pos_DET,feats_Definite=Def,feats_PronType=Art} {pos_NOUN,feats_Number=Sing}	21677	20292	25538	48774	61384	inf
{18} {5,24,26} {5,26}	[{18}, {24, 26, 5}, {26, 5}]	{pos_ADP} {feats_Number=Sing,pos_DET,feats_Gender=Fem} {feats_Number=Sing,feats_Gender=Fem}	12802	10172	12802	48774	61384	inf
{18} {44} {3,4}	[{18}, {44}, {3, 4}]	{pos_ADP} {wp_▁le} {pos_NOUN,feats_Gender=Masc}	12720	10107	12720	48774	61384	inf
{5} {18} {5,24} {3,5}	[{5}, {18}, {24, 5}, {3, 5}]	{feats_Number=Sing} {pos_ADP} {feats_Number=Sing,pos_DET} {pos_NOUN,feats_Number=Sing}	13933	11071	13933	48774	61384	inf
{17,18,730} {23,24,25,27} {3,5}	[{17, 18, 730}, {24, 25, 27, 23}, {3, 5}]	{lemma_de,pos_ADP,wp_▁de} {lemma_le,pos_DET,feats_Definite=Def,feats_PronType=Art} {pos_NOUN,feats_Number=Sing}	14895	11835	14895	48774	61384	inf
{5} {4,5} {5}	[{5}, {4, 5}, {5}]	{feats_Number=Sing} {feats_Gender=Masc,feats_Number=Sing} {feats_Number=Sing}	12374	9832	12374	48774	61384	inf
{5} {17,18} {5}	[{5}, {17, 18}, {5}]	{feats_Number=Sing} {lemma_de,pos_ADP} {feats_Number=Sing}	15281	12142	15281	48774	61384	inf
{5,23,24,25,27} {5} {5}	[{5, 23, 24, 25, 27}, {5}, {5}]	{feats_Number=Sing,lemma_le,pos_DET,feats_Definite=Def,feats_PronType=Art} {feats_Number=Sing} {feats_Number=Sing}	13336	10597	13336	48774	61384	inf
{18} {5,24,26,27} {26}	[{18}, {24, 26, 27, 5}, {26}]	{pos_ADP} {feats_Number=Sing,pos_DET,feats_Gender=Fem,feats_PronType=Art} {feats_Gender=Fem}	12267	9747	12267	48774	61384	inf
{5} {17,18,730} {5}	[{5}, {17, 18, 730}, {5}]	{feats_Number=Sing} {lemma_de,pos_ADP,wp_▁de} {feats_Number=Sing}	13036	10358	13036	48774	61384	inf
{5} {17,18,728,730} {5}	[{5}, {728, 17, 18, 730}, {5}]	{feats_Number=Sing} {lemma_de,pos_ADP,feats_de,wp_▁de} {feats_Number=Sing}	13017	10343	13017	48774	61384	inf
{17,18} {24} {3,5}	[{17, 18}, {24}, {3, 5}]	{lemma_de,pos_ADP} {pos_DET} {pos_NOUN,feats_Number=Sing}	16760	13317	16760	48774	61384	inf
{5} {5} {17,18,728,730}	[{5}, {5}, {728, 17, 18, 730}]	{feats_Number=Sing} {feats_Number=Sing} {lemma_de,pos_ADP,feats_de,wp_▁de}	13854	11008	13854	48774	61384	inf
{17,18} {24,27} {4}	[{17, 18}, {24, 27}, {4}]	{lemma_de,pos_ADP} {pos_DET,feats_PronType=Art} {feats_Gender=Masc}	15392	12230	15392	48774	61384	inf
{5} {5} {17,18,730}	[{5}, {5}, {17, 18, 730}]	{feats_Number=Sing} {feats_Number=Sing} {lemma_de,pos_ADP,wp_▁de}	13872	11022	13872	48774	61384	inf
{24} {3} {17,18,730}	[{24}, {3}, {17, 18, 730}]	{pos_DET} {pos_NOUN} {lemma_de,pos_ADP,wp_▁de}	14641	11633	14641	48774	61384	inf
{5} {5} {17,18}	[{5}, {5}, {17, 18}]	{feats_Number=Sing} {feats_Number=Sing} {lemma_de,pos_ADP}	15863	12604	15863	48774	61384	inf
{3} {18} {5} {26}	[{3}, {18}, {5}, {26}]	{pos_NOUN} {pos_ADP} {feats_Number=Sing} {feats_Gender=Fem}	12264	9745	12264	48774	61384	inf
{17,18,730} {23,24,25,27} {4}	[{17, 18, 730}, {24, 25, 27, 23}, {4}]	{lemma_de,pos_ADP,wp_▁de} {lemma_le,pos_DET,feats_Definite=Def,feats_PronType=Art} {feats_Gender=Masc}	14571	11578	14571	48774	61384	inf
{5} {5} {18} {24}	[{5}, {5}, {18}, {24}]	{feats_Number=Sing} {feats_Number=Sing} {pos_ADP} {pos_DET}	13042	10363	13042	48774	61384	inf
{5} {730} {5}	[{5}, {730}, {5}]	{feats_Number=Sing} {wp_▁de} {feats_Number=Sing}	13042	10363	13042	48774	61384	inf
{5} {4,5} {18}	[{5}, {4, 5}, {18}]	{feats_Number=Sing} {feats_Gender=Masc,feats_Number=Sing} {pos_ADP}	13610	10814	13610	48774	61384	inf
{24,27} {3,5} {18}	[{24, 27}, {3, 5}, {18}]	{pos_DET,feats_PronType=Art} {pos_NOUN,feats_Number=Sing} {pos_ADP}	15071	11975	15071	48774	61384	inf
{18} {24,92} {92}	[{18}, {24, 92}, {92}]	{pos_ADP} {pos_DET,feats_Number=Plur} {feats_Number=Plur}	17321	13763	17321	48774	61384	inf
{5} {4} {18}	[{5}, {4}, {18}]	{feats_Number=Sing} {feats_Gender=Masc} {pos_ADP}	13913	11055	13913	48774	61384	inf
{5} {18} {5,24}	[{5}, {18}, {24, 5}]	{feats_Number=Sing} {pos_ADP} {feats_Number=Sing,pos_DET}	15284	12144	15284	48774	61384	inf
{5,24} {5} {17}	[{24, 5}, {5}, {17}]	{feats_Number=Sing,pos_DET} {feats_Number=Sing} {lemma_de}	12950	10290	12950	48774	61384	inf
{92} {3} {92}	[{92}, {3}, {92}]	{feats_Number=Plur} {pos_NOUN} {feats_Number=Plur}	13065	10381	13065	48774	61384	inf
{17,18} {5,24,27} {3}	[{17, 18}, {24, 27, 5}, {3}]	{lemma_de,pos_ADP} {feats_Number=Sing,pos_DET,feats_PronType=Art} {pos_NOUN}	16141	12825	16141	48774	61384	inf
{24,27} {3} {5}	[{24, 27}, {3}, {5}]	{pos_DET,feats_PronType=Art} {pos_NOUN} {feats_Number=Sing}	13640	10838	13640	48774	61384	inf
{5} {18} {24} {5}	[{5}, {18}, {24}, {5}]	{feats_Number=Sing} {pos_ADP} {pos_DET} {feats_Number=Sing}	15178	12060	15178	48774	61384	inf
{17,18} {5} {26}	[{17, 18}, {5}, {26}]	{lemma_de,pos_ADP} {feats_Number=Sing} {feats_Gender=Fem}	12871	10227	12871	48774	61384	inf
{5,24,27} {3} {18}	[{24, 27, 5}, {3}, {18}]	{feats_Number=Sing,pos_DET,feats_PronType=Art} {pos_NOUN} {pos_ADP}	15070	11974	15070	48774	61384	inf
{92} {18} {5}	[{92}, {18}, {5}]	{feats_Number=Plur} {pos_ADP} {feats_Number=Sing}	15070	11974	15070	48774	61384	inf
{5} {18} {5,26}	[{5}, {18}, {26, 5}]	{feats_Number=Sing} {pos_ADP} {feats_Number=Sing,feats_Gender=Fem}	13292	10562	13292	48774	61384	inf
{92} {92} {18}	[{92}, {92}, {18}]	{feats_Number=Plur} {feats_Number=Plur} {pos_ADP}	15179	12061	15179	48774	61384	inf
{18} {23,24,25,27,92,881} {92}	[{18}, {881, 23, 24, 25, 27, 92}, {92}]	{pos_ADP} {lemma_le,pos_DET,feats_Definite=Def,feats_PronType=Art,feats_Number=Plur,wp_▁les} {feats_Number=Plur}	14790	11752	14790	48774	61384	inf
{5} {18} {24,27}	[{5}, {18}, {24, 27}]	{feats_Number=Sing} {pos_ADP} {pos_DET,feats_PronType=Art}	16220	12888	16220	48774	61384	inf
{18} {26} {3,26}	[{18}, {26}, {26, 3}]	{pos_ADP} {feats_Gender=Fem} {pos_NOUN,feats_Gender=Fem}	12375	9833	12375	48774	61384	inf
{17,18,728,730,878} {23,24,25,27} {3}	[{878, 17, 18, 728, 730}, {24, 25, 27, 23}, {3}]	{lemma_de,pos_ADP,feats_de,wp_▁de,dep_de} {lemma_le,pos_DET,feats_Definite=Def,feats_PronType=Art} {pos_NOUN}	14682	11666	14682	48774	61384	inf
{18} {4,24} {4,5}	[{18}, {24, 4}, {4, 5}]	{pos_ADP} {feats_Gender=Masc,pos_DET} {feats_Gender=Masc,feats_Number=Sing}	16552	13152	16552	48774	61384	inf
{18} {5} {5} {105}	[{18}, {5}, {5}, {105}]	{pos_ADP} {feats_Number=Sing} {feats_Number=Sing} {pos_PUNCT}	12335	9801	12335	48774	61384	inf
{5} {18} {5,24} {5}	[{5}, {18}, {24, 5}, {5}]	{feats_Number=Sing} {pos_ADP} {feats_Number=Sing,pos_DET} {feats_Number=Sing}	15172	12055	15172	48774	61384	inf
{18} {5,24,25,27} {3,4,5}	[{18}, {24, 25, 27, 5}, {3, 4, 5}]	{pos_ADP} {feats_Number=Sing,pos_DET,feats_Definite=Def,feats_PronType=Art} {pos_NOUN,feats_Gender=Masc,feats_Number=Sing}	14647	11638	14647	48774	61384	inf
{5} {18} {26}	[{5}, {18}, {26}]	{feats_Number=Sing} {pos_ADP} {feats_Gender=Fem}	14624	11620	14624	48774	61384	inf
{5} {18} {23,24,25,27} {5}	[{5}, {18}, {24, 25, 27, 23}, {5}]	{feats_Number=Sing} {pos_ADP} {lemma_le,pos_DET,feats_Definite=Def,feats_PronType=Art} {feats_Number=Sing}	13086	10398	13086	48774	61384	inf
{17,18,730} {5,23,24,25,27} {3,5}	[{17, 18, 730}, {5, 23, 24, 25, 27}, {3, 5}]	{lemma_de,pos_ADP,wp_▁de} {feats_Number=Sing,lemma_le,pos_DET,feats_Definite=Def,feats_PronType=Art} {pos_NOUN,feats_Number=Sing}	14893	11834	14893	48774	61384	inf
{730} {24,27} {3}	[{730}, {24, 27}, {3}]	{wp_▁de} {pos_DET,feats_PronType=Art} {pos_NOUN}	19507	15500	19507	48774	61384	inf
{3} {18} {23,24,25,27} {5}	[{3}, {18}, {24, 25, 27, 23}, {5}]	{pos_NOUN} {pos_ADP} {lemma_le,pos_DET,feats_Definite=Def,feats_PronType=Art} {feats_Number=Sing}	12975	10310	12975	48774	61384	inf
{5} {18} {5,24,27} {5}	[{5}, {18}, {24, 27, 5}, {5}]	{feats_Number=Sing} {pos_ADP} {feats_Number=Sing,pos_DET,feats_PronType=Art} {feats_Number=Sing}	14438	11472	14438	48774	61384	inf
{5} {18} {5,24} {3}	[{5}, {18}, {24, 5}, {3}]	{feats_Number=Sing} {pos_ADP} {feats_Number=Sing,pos_DET} {pos_NOUN}	13934	11072	13934	48774	61384	inf
{17,18,730,878} {23,24,25,27} {3}	[{17, 18, 878, 730}, {24, 25, 27, 23}, {3}]	{lemma_de,pos_ADP,wp_▁de,dep_de} {lemma_le,pos_DET,feats_Definite=Def,feats_PronType=Art} {pos_NOUN}	14703	11683	14703	48774	61384	inf
{5} {18} {5,24,27} {3,5}	[{5}, {18}, {24, 27, 5}, {3, 5}]	{feats_Number=Sing} {pos_ADP} {feats_Number=Sing,pos_DET,feats_PronType=Art} {pos_NOUN,feats_Number=Sing}	13165	10461	13165	48774	61384	inf
{18} {4,5,23,24,25,27} {3,4}	[{18}, {4, 5, 23, 24, 25, 27}, {3, 4}]	{pos_ADP} {feats_Gender=Masc,feats_Number=Sing,lemma_le,pos_DET,feats_Definite=Def,feats_PronType=Art} {pos_NOUN,feats_Gender=Masc}	12730	10115	12730	48774	61384	inf
{23,24,25,27} {3} {18}	[{24, 25, 27, 23}, {3}, {18}]	{lemma_le,pos_DET,feats_Definite=Def,feats_PronType=Art} {pos_NOUN} {pos_ADP}	17344	13781	17344	48774	61384	inf
{18} {24,92} {3,92}	[{18}, {24, 92}, {3, 92}]	{pos_ADP} {pos_DET,feats_Number=Plur} {pos_NOUN,feats_Number=Plur}	16177	12854	16177	48774	61384	inf
{5} {18} {5,24,25,27} {5}	[{5}, {18}, {24, 25, 27, 5}, {5}]	{feats_Number=Sing} {pos_ADP} {feats_Number=Sing,pos_DET,feats_Definite=Def,feats_PronType=Art} {feats_Number=Sing}	13083	10396	13083	48774	61384	inf
{18} {4,24} {3}	[{18}, {24, 4}, {3}]	{pos_ADP} {feats_Gender=Masc,pos_DET} {pos_NOUN}	14621	11618	14621	48774	61384	inf
{5} {18} {5,24,25,27}	[{5}, {18}, {24, 25, 27, 5}]	{feats_Number=Sing} {pos_ADP} {feats_Number=Sing,pos_DET,feats_Definite=Def,feats_PronType=Art}	13179	10472	13179	48774	61384	inf
{18} {23,24,25,27} {3,4,5}	[{18}, {24, 25, 27, 23}, {3, 4, 5}]	{pos_ADP} {lemma_le,pos_DET,feats_Definite=Def,feats_PronType=Art} {pos_NOUN,feats_Gender=Masc,feats_Number=Sing}	14647	11638	14647	48774	61384	inf
{5} {18} {23,24,25,27} {3}	[{5}, {18}, {24, 25, 27, 23}, {3}]	{feats_Number=Sing} {pos_ADP} {lemma_le,pos_DET,feats_Definite=Def,feats_PronType=Art} {pos_NOUN}	13109	10416	13109	48774	61384	inf
{5} {5} {18,730}	[{5}, {5}, {730, 18}]	{feats_Number=Sing} {feats_Number=Sing} {pos_ADP,wp_▁de}	13873	11023	13873	48774	61384	inf
{5} {18} {24} {3,5}	[{5}, {18}, {24}, {3, 5}]	{feats_Number=Sing} {pos_ADP} {pos_DET} {pos_NOUN,feats_Number=Sing}	13936	11073	13936	48774	61384	inf
{5} {5} {105}	[{5}, {5}, {105}]	{feats_Number=Sing} {feats_Number=Sing} {pos_PUNCT}	19277	15317	19277	48774	61384	inf
{5} {5} {730}	[{5}, {5}, {730}]	{feats_Number=Sing} {feats_Number=Sing} {wp_▁de}	13894	11040	13894	48774	61384	inf
{18} {24,27} {92}	[{18}, {24, 27}, {92}]	{pos_ADP} {pos_DET,feats_PronType=Art} {feats_Number=Plur}	16201	12873	16201	48774	61384	inf
{92} {3,92} {92}	[{92}, {3, 92}, {92}]	{feats_Number=Plur} {pos_NOUN,feats_Number=Plur} {feats_Number=Plur}	12455	9897	12455	48774	61384	inf
{5} {5,26} {18}	[{5}, {26, 5}, {18}]	{feats_Number=Sing} {feats_Number=Sing,feats_Gender=Fem} {pos_ADP}	13224	10508	13224	48774	61384	inf
{17,18} {92} {92}	[{17, 18}, {92}, {92}]	{lemma_de,pos_ADP} {feats_Number=Plur} {feats_Number=Plur}	14029	11147	14029	48774	61384	inf
{17,18,730} {24} {3,5}	[{17, 18, 730}, {24}, {3, 5}]	{lemma_de,pos_ADP,wp_▁de} {pos_DET} {pos_NOUN,feats_Number=Sing}	15567	12369	15567	48774	61384	inf
{730} {5,24} {3,5}	[{730}, {24, 5}, {3, 5}]	{wp_▁de} {feats_Number=Sing,pos_DET} {pos_NOUN,feats_Number=Sing}	15567	12369	15567	48774	61384	inf
{5} {18} {23}	[{5}, {18}, {23}]	{feats_Number=Sing} {pos_ADP} {lemma_le}	14490	11514	14490	48774	61384	inf
{5} {18} {24,25,27}	[{5}, {18}, {24, 25, 27}]	{feats_Number=Sing} {pos_ADP} {pos_DET,feats_Definite=Def,feats_PronType=Art}	14490	11514	14490	48774	61384	inf
{24,25,27} {3} {17,18,730}	[{24, 25, 27}, {3}, {17, 18, 730}]	{pos_DET,feats_Definite=Def,feats_PronType=Art} {pos_NOUN} {lemma_de,pos_ADP,wp_▁de}	12589	10003	12589	48774	61384	inf
{5,24} {3,5} {18}	[{24, 5}, {3, 5}, {18}]	{feats_Number=Sing,pos_DET} {pos_NOUN,feats_Number=Sing} {pos_ADP}	15665	12447	15665	48774	61384	inf
{17,18,730} {24,27} {3,5}	[{17, 18, 730}, {24, 27}, {3, 5}]	{lemma_de,pos_ADP,wp_▁de} {pos_DET,feats_PronType=Art} {pos_NOUN,feats_Number=Sing}	14896	11836	14896	48774	61384	inf
{730} {5,24,27} {3,5}	[{730}, {24, 27, 5}, {3, 5}]	{wp_▁de} {feats_Number=Sing,pos_DET,feats_PronType=Art} {pos_NOUN,feats_Number=Sing}	14896	11836	14896	48774	61384	inf
{5} {5} {18} {5} {5}	[{5}, {5}, {18}, {5}, {5}]	{feats_Number=Sing} {feats_Number=Sing} {pos_ADP} {feats_Number=Sing} {feats_Number=Sing}	12398	9851	12398	48774	61384	inf
{18} {5,24} {3,26}	[{18}, {24, 5}, {26, 3}]	{pos_ADP} {feats_Number=Sing,pos_DET} {pos_NOUN,feats_Gender=Fem}	16705	13273	16705	48774	61384	inf
{17,18,730} {24} {26}	[{17, 18, 730}, {24}, {26}]	{lemma_de,pos_ADP,wp_▁de} {pos_DET} {feats_Gender=Fem}	14353	11405	14353	48774	61384	inf
{18} {26} {5,26}	[{18}, {26}, {26, 5}]	{pos_ADP} {feats_Gender=Fem} {feats_Number=Sing,feats_Gender=Fem}	14353	11405	14353	48774	61384	inf
{18} {4,5} {3}	[{18}, {4, 5}, {3}]	{pos_ADP} {feats_Gender=Masc,feats_Number=Sing} {pos_NOUN}	14662	11650	14662	48774	61384	inf
{18} {5,24} {4,5}	[{18}, {24, 5}, {4, 5}]	{pos_ADP} {feats_Number=Sing,pos_DET} {feats_Gender=Masc,feats_Number=Sing}	18329	14564	18329	48774	61384	inf
{24} {5} {17}	[{24}, {5}, {17}]	{pos_DET} {feats_Number=Sing} {lemma_de}	12962	10299	12962	48774	61384	inf
{5} {18} {5} {3}	[{5}, {18}, {5}, {3}]	{feats_Number=Sing} {pos_ADP} {feats_Number=Sing} {pos_NOUN}	14142	11237	14142	48774	61384	inf
{18} {5,26} {3}	[{18}, {26, 5}, {3}]	{pos_ADP} {feats_Number=Sing,feats_Gender=Fem} {pos_NOUN}	12197	9692	12197	48774	61384	inf
{18} {4} {3}	[{18}, {4}, {3}]	{pos_ADP} {feats_Gender=Masc} {pos_NOUN}	14920	11855	14920	48774	61384	inf
{730} {24} {26}	[{730}, {24}, {26}]	{wp_▁de} {pos_DET} {feats_Gender=Fem}	14357	11408	14357	48774	61384	inf
{5} {3,5} {5}	[{5}, {3, 5}, {5}]	{feats_Number=Sing} {pos_NOUN,feats_Number=Sing} {feats_Number=Sing}	15126	12019	15126	48774	61384	inf
{18} {5,24} {3,4}	[{18}, {24, 5}, {3, 4}]	{pos_ADP} {feats_Number=Sing,pos_DET} {pos_NOUN,feats_Gender=Masc}	16483	13097	16483	48774	61384	inf
{18} {4,5,23,24,25,27,44} {5}	[{18}, {4, 5, 44, 23, 24, 25, 27}, {5}]	{pos_ADP} {feats_Gender=Masc,feats_Number=Sing,lemma_le,pos_DET,feats_Definite=Def,feats_PronType=Art,wp_▁le} {feats_Number=Sing}	14922	11857	14922	48774	61384	inf
{26} {18} {24}	[{26}, {18}, {24}]	{feats_Gender=Fem} {pos_ADP} {pos_DET}	14349	11401	14349	48774	61384	inf
{3} {18} {5,24} {3}	[{3}, {18}, {24, 5}, {3}]	{pos_NOUN} {pos_ADP} {feats_Number=Sing,pos_DET} {pos_NOUN}	13562	10776	13562	48774	61384	inf
{3} {18} {24} {3,5}	[{3}, {18}, {24}, {3, 5}]	{pos_NOUN} {pos_ADP} {pos_DET} {pos_NOUN,feats_Number=Sing}	13562	10776	13562	48774	61384	inf
{18} {24} {5,26}	[{18}, {24}, {26, 5}]	{pos_ADP} {pos_DET} {feats_Number=Sing,feats_Gender=Fem}	17439	13857	17439	48774	61384	inf
{18} {24,25,27} {4,5}	[{18}, {24, 25, 27}, {4, 5}]	{pos_ADP} {pos_DET,feats_Definite=Def,feats_PronType=Art} {feats_Gender=Masc,feats_Number=Sing}	16600	13190	16600	48774	61384	inf
{18} {4,24} {3,4,5}	[{18}, {24, 4}, {3, 4, 5}]	{pos_ADP} {feats_Gender=Masc,pos_DET} {pos_NOUN,feats_Gender=Masc,feats_Number=Sing}	14466	11494	14466	48774	61384	inf
{18} {5,24,25,27} {3,4}	[{18}, {24, 25, 27, 5}, {3, 4}]	{pos_ADP} {feats_Number=Sing,pos_DET,feats_Definite=Def,feats_PronType=Art} {pos_NOUN,feats_Gender=Masc}	14662	11650	14662	48774	61384	inf
{18} {24,27,92} {3}	[{18}, {24, 27, 92}, {3}]	{pos_ADP} {pos_DET,feats_PronType=Art,feats_Number=Plur} {pos_NOUN}	15051	11959	15051	48774	61384	inf
{18} {92} {92}	[{18}, {92}, {92}]	{pos_ADP} {feats_Number=Plur} {feats_Number=Plur}	19219	15271	19219	48774	61384	inf
{18} {5,24,25,27} {4}	[{18}, {24, 25, 27, 5}, {4}]	{pos_ADP} {feats_Number=Sing,pos_DET,feats_Definite=Def,feats_PronType=Art} {feats_Gender=Masc}	16589	13181	16589	48774	61384	inf
{5} {5} {5,11}	[{5}, {5}, {11, 5}]	{feats_Number=Sing} {feats_Number=Sing} {feats_Number=Sing,pos_ADJ}	12537	9962	12537	48774	61384	inf
{18} {24,25,27} {3,4}	[{18}, {24, 25, 27}, {3, 4}]	{pos_ADP} {pos_DET,feats_Definite=Def,feats_PronType=Art} {pos_NOUN,feats_Gender=Masc}	18698	14857	18698	48774	61384	inf
{17,18,728,730} {5,23,24,25,27} {3,5}	[{728, 17, 18, 730}, {5, 23, 24, 25, 27}, {3, 5}]	{lemma_de,pos_ADP,feats_de,wp_▁de} {feats_Number=Sing,lemma_le,pos_DET,feats_Definite=Def,feats_PronType=Art} {pos_NOUN,feats_Number=Sing}	14853	11802	14853	48774	61384	inf
{18} {44} {4,5}	[{18}, {44}, {4, 5}]	{pos_ADP} {wp_▁le} {feats_Gender=Masc,feats_Number=Sing}	14853	11802	14853	48774	61384	inf
{5,24,27} {3,5} {5}	[{24, 27, 5}, {3, 5}, {5}]	{feats_Number=Sing,pos_DET,feats_PronType=Art} {pos_NOUN,feats_Number=Sing} {feats_Number=Sing}	13315	10580	13315	48774	61384	inf
{18} {4,5,24} {3}	[{18}, {24, 4, 5}, {3}]	{pos_ADP} {feats_Gender=Masc,feats_Number=Sing,pos_DET} {pos_NOUN}	14482	11507	14482	48774	61384	inf
{18} {4,5,44} {4}	[{18}, {4, 5, 44}, {4}]	{pos_ADP} {feats_Gender=Masc,feats_Number=Sing,wp_▁le} {feats_Gender=Masc}	14868	11814	14868	48774	61384	inf
{18} {5,24,27} {3,26}	[{18}, {24, 27, 5}, {26, 3}]	{pos_ADP} {feats_Number=Sing,pos_DET,feats_PronType=Art} {pos_NOUN,feats_Gender=Fem}	16032	12739	16032	48774	61384	inf
{18} {5,24,27} {3,5,26}	[{18}, {24, 27, 5}, {26, 3, 5}]	{pos_ADP} {feats_Number=Sing,pos_DET,feats_PronType=Art} {pos_NOUN,feats_Number=Sing,feats_Gender=Fem}	16030	12737	16030	48774	61384	inf
{18} {5,24,26} {5}	[{18}, {24, 26, 5}, {5}]	{pos_ADP} {feats_Number=Sing,pos_DET,feats_Gender=Fem} {feats_Number=Sing}	12808	10177	12808	48774	61384	inf
{26} {18} {24} {3}	[{26}, {18}, {24}, {3}]	{feats_Gender=Fem} {pos_ADP} {pos_DET} {pos_NOUN}	13001	10330	13001	48774	61384	inf
{5} {18} {24,27} {3}	[{5}, {18}, {24, 27}, {3}]	{feats_Number=Sing} {pos_ADP} {pos_DET,feats_PronType=Art} {pos_NOUN}	14744	11715	14744	48774	61384	inf
{3} {18} {24,27} {3}	[{3}, {18}, {24, 27}, {3}]	{pos_NOUN} {pos_ADP} {pos_DET,feats_PronType=Art} {pos_NOUN}	14355	11406	14355	48774	61384	inf
{18} {4,5,24,27} {3,4}	[{18}, {24, 27, 4, 5}, {3, 4}]	{pos_ADP} {feats_Gender=Masc,feats_Number=Sing,pos_DET,feats_PronType=Art} {pos_NOUN,feats_Gender=Masc}	13966	11097	13966	48774	61384	inf
{18} {24,27,92} {92}	[{18}, {24, 27, 92}, {92}]	{pos_ADP} {pos_DET,feats_PronType=Art,feats_Number=Plur} {feats_Number=Plur}	16195	12868	16195	48774	61384	inf
{18} {4,5,23,24,25,27} {5}	[{18}, {4, 5, 23, 24, 25, 27}, {5}]	{pos_ADP} {feats_Gender=Masc,feats_Number=Sing,lemma_le,pos_DET,feats_Definite=Def,feats_PronType=Art} {feats_Number=Sing}	14940	11871	14940	48774	61384	inf
{18} {24} {3,92}	[{18}, {24}, {3, 92}]	{pos_ADP} {pos_DET} {pos_NOUN,feats_Number=Plur}	16181	12857	16181	48774	61384	inf
{3} {18} {23,24,25,27} {3}	[{3}, {18}, {24, 25, 27, 23}, {3}]	{pos_NOUN} {pos_ADP} {lemma_le,pos_DET,feats_Definite=Def,feats_PronType=Art} {pos_NOUN}	12815	10183	12815	48774	61384	inf
{5,24,25,27} {3} {18}	[{24, 25, 27, 5}, {3}, {18}]	{feats_Number=Sing,pos_DET,feats_Definite=Def,feats_PronType=Art} {pos_NOUN} {pos_ADP}	13558	10773	13558	48774	61384	inf
{18} {26} {3}	[{18}, {26}, {3}]	{pos_ADP} {feats_Gender=Fem} {pos_NOUN}	12445	9889	12445	48774	61384	inf
{18} {92} {3}	[{18}, {92}, {3}]	{pos_ADP} {feats_Number=Plur} {pos_NOUN}	17059	13555	17059	48774	61384	inf
{3} {18} {26}	[{3}, {18}, {26}]	{pos_NOUN} {pos_ADP} {feats_Gender=Fem}	16623	13208	16623	48774	61384	inf
{18} {4,5,24,25,27} {4}	[{18}, {4, 5, 24, 25, 27}, {4}]	{pos_ADP} {feats_Gender=Masc,feats_Number=Sing,pos_DET,feats_Definite=Def,feats_PronType=Art} {feats_Gender=Masc}	14886	11828	14886	48774	61384	inf
{18} {24} {3,5,26}	[{18}, {24}, {26, 3, 5}]	{pos_ADP} {pos_DET} {pos_NOUN,feats_Number=Sing,feats_Gender=Fem}	16702	13271	16702	48774	61384	inf
{18} {4,5} {4}	[{18}, {4, 5}, {4}]	{pos_ADP} {feats_Gender=Masc,feats_Number=Sing} {feats_Gender=Masc}	17281	13731	17281	48774	61384	inf
{730} {5,24} {3}	[{730}, {24, 5}, {3}]	{wp_▁de} {feats_Number=Sing,pos_DET} {pos_NOUN}	15574	12375	15574	48774	61384	inf
{730} {23,24,25,27} {3,26}	[{730}, {24, 25, 27, 23}, {26, 3}]	{wp_▁de} {lemma_le,pos_DET,feats_Definite=Def,feats_PronType=Art} {pos_NOUN,feats_Gender=Fem}	13053	10372	13053	48774	61384	inf
{18} {4,5} {3,4,5}	[{18}, {4, 5}, {3, 4, 5}]	{pos_ADP} {feats_Gender=Masc,feats_Number=Sing} {pos_NOUN,feats_Gender=Masc,feats_Number=Sing}	14609	11608	14609	48774	61384	inf
{18} {4,24} {3,4}	[{18}, {24, 4}, {3, 4}]	{pos_ADP} {feats_Gender=Masc,pos_DET} {pos_NOUN,feats_Gender=Masc}	14618	11615	14618	48774	61384	inf
{18} {4,5} {5}	[{18}, {4, 5}, {5}]	{pos_ADP} {feats_Gender=Masc,feats_Number=Sing} {feats_Number=Sing}	17477	13887	17477	48774	61384	inf
{18} {4,5,44} {3,4}	[{18}, {4, 5, 44}, {3, 4}]	{pos_ADP} {feats_Gender=Masc,feats_Number=Sing,wp_▁le} {pos_NOUN,feats_Gender=Masc}	12719	10106	12719	48774	61384	inf
{18} {23,24,25,27} {92}	[{18}, {24, 25, 27, 23}, {92}]	{pos_ADP} {lemma_le,pos_DET,feats_Definite=Def,feats_PronType=Art} {feats_Number=Plur}	14808	11766	14808	48774	61384	inf
{18} {5,26} {5,26}	[{18}, {26, 5}, {26, 5}]	{pos_ADP} {feats_Number=Sing,feats_Gender=Fem} {feats_Number=Sing,feats_Gender=Fem}	14323	11381	14323	48774	61384	inf
{18} {4,5,24} {5}	[{18}, {24, 4, 5}, {5}]	{pos_ADP} {feats_Gender=Masc,feats_Number=Sing,pos_DET} {feats_Number=Sing}	16618	13204	16618	48774	61384	inf
{24,25,27} {3,5} {18}	[{24, 25, 27}, {3, 5}, {18}]	{pos_DET,feats_Definite=Def,feats_PronType=Art} {pos_NOUN,feats_Number=Sing} {pos_ADP}	13558	10773	13558	48774	61384	inf
{5,24} {3,5} {17,18}	[{24, 5}, {3, 5}, {17, 18}]	{feats_Number=Sing,pos_DET} {pos_NOUN,feats_Number=Sing} {lemma_de,pos_ADP}	12818	10185	12818	48774	61384	inf
{730} {24,27} {5}	[{730}, {24, 27}, {5}]	{wp_▁de} {pos_DET,feats_PronType=Art} {feats_Number=Sing}	17338	13776	17338	48774	61384	inf
{18} {4,5,24} {3,4,5}	[{18}, {24, 4, 5}, {3, 4, 5}]	{pos_ADP} {feats_Gender=Masc,feats_Number=Sing,pos_DET} {pos_NOUN,feats_Gender=Masc,feats_Number=Sing}	14464	11493	14464	48774	61384	inf
{26} {18} {24,27}	[{26}, {18}, {24, 27}]	{feats_Gender=Fem} {pos_ADP} {pos_DET,feats_PronType=Art}	13276	10549	13276	48774	61384	inf
{18} {5,26} {26}	[{18}, {26, 5}, {26}]	{pos_ADP} {feats_Number=Sing,feats_Gender=Fem} {feats_Gender=Fem}	14443	11476	14443	48774	61384	inf
{18} {92} {3,92}	[{18}, {92}, {3, 92}]	{pos_ADP} {feats_Number=Plur} {pos_NOUN,feats_Number=Plur}	17040	13540	17040	48774	61384	inf
{18} {24,27} {5,26}	[{18}, {24, 27}, {26, 5}]	{pos_ADP} {pos_DET,feats_PronType=Art} {feats_Number=Sing,feats_Gender=Fem}	16779	13332	16779	48774	61384	inf
{18} {4,5,24} {4,5}	[{18}, {24, 4, 5}, {4, 5}]	{pos_ADP} {feats_Gender=Masc,feats_Number=Sing,pos_DET} {feats_Gender=Masc,feats_Number=Sing}	16550	13150	16550	48774	61384	inf
{18} {44} {3,4,5}	[{18}, {44}, {3, 4, 5}]	{pos_ADP} {wp_▁le} {pos_NOUN,feats_Gender=Masc,feats_Number=Sing}	12705	10095	12705	48774	61384	inf
{26} {26} {18}	[{26}, {26}, {18}]	{feats_Gender=Fem} {feats_Gender=Fem} {pos_ADP}	12690	10083	12690	48774	61384	inf
{18} {4,5,24,27} {4}	[{18}, {24, 27, 4, 5}, {4}]	{pos_ADP} {feats_Gender=Masc,feats_Number=Sing,pos_DET,feats_PronType=Art} {feats_Gender=Masc}	16085	12781	16085	48774	61384	inf
{3} {18} {5,23,24,25,27} {5}	[{3}, {18}, {5, 23, 24, 25, 27}, {5}]	{pos_NOUN} {pos_ADP} {feats_Number=Sing,lemma_le,pos_DET,feats_Definite=Def,feats_PronType=Art} {feats_Number=Sing}	12973	10308	12973	48774	61384	inf
{18} {26} {26}	[{18}, {26}, {26}]	{pos_ADP} {feats_Gender=Fem} {feats_Gender=Fem}	15289	12148	15289	48774	61384	inf
{4,5} {5} {18}	[{4, 5}, {5}, {18}]	{feats_Gender=Masc,feats_Number=Sing} {feats_Number=Sing} {pos_ADP}	12800	10171	12800	48774	61384	inf
{18} {4,24} {4}	[{18}, {24, 4}, {4}]	{pos_ADP} {feats_Gender=Masc,pos_DET} {feats_Gender=Masc}	16690	13262	16690	48774	61384	inf
{18} {24,27} {4,5}	[{18}, {24, 27}, {4, 5}]	{pos_ADP} {pos_DET,feats_PronType=Art} {feats_Gender=Masc,feats_Number=Sing}	17662	14034	17662	48774	61384	inf
{18} {4,5,23,24,25,27} {3,4,5}	[{18}, {4, 5, 23, 24, 25, 27}, {3, 4, 5}]	{pos_ADP} {feats_Gender=Masc,feats_Number=Sing,lemma_le,pos_DET,feats_Definite=Def,feats_PronType=Art} {pos_NOUN,feats_Gender=Masc,feats_Number=Sing}	12715	10103	12715	48774	61384	inf
{3} {18} {24} {5}	[{3}, {18}, {24}, {5}]	{pos_NOUN} {pos_ADP} {pos_DET} {feats_Number=Sing}	14850	11800	14850	48774	61384	inf
{18} {5,24,27} {26}	[{18}, {24, 27, 5}, {26}]	{pos_ADP} {feats_Number=Sing,pos_DET,feats_PronType=Art} {feats_Gender=Fem}	16778	13331	16778	48774	61384	inf
{18} {4} {5}	[{18}, {4}, {5}]	{pos_ADP} {feats_Gender=Masc} {feats_Number=Sing}	17547	13942	17547	48774	61384	inf
{18} {4,5,44} {3,4,5}	[{18}, {4, 5, 44}, {3, 4, 5}]	{pos_ADP} {feats_Gender=Masc,feats_Number=Sing,wp_▁le} {pos_NOUN,feats_Gender=Masc,feats_Number=Sing}	12704	10094	12704	48774	61384	inf
{5,24,27} {3,5} {18}	[{24, 27, 5}, {3, 5}, {18}]	{feats_Number=Sing,pos_DET,feats_PronType=Art} {pos_NOUN,feats_Number=Sing} {pos_ADP}	15063	11969	15063	48774	61384	inf
{18} {23,24,25,27} {3,26}	[{18}, {24, 25, 27, 23}, {26, 3}]	{pos_ADP} {lemma_le,pos_DET,feats_Definite=Def,feats_PronType=Art} {pos_NOUN,feats_Gender=Fem}	18591	14772	18591	48774	61384	inf
{5,24} {5} {18} {5}	[{24, 5}, {5}, {18}, {5}]	{feats_Number=Sing,pos_DET} {feats_Number=Sing} {pos_ADP} {feats_Number=Sing}	12222	9711	12222	48774	61384	inf
{5,24} {5} {18}	[{24, 5}, {5}, {18}]	{feats_Number=Sing,pos_DET} {feats_Number=Sing} {pos_ADP}	16075	12773	16075	48774	61384	inf
{24} {3} {17,18}	[{24}, {3}, {17, 18}]	{pos_DET} {pos_NOUN} {lemma_de,pos_ADP}	16844	13384	16844	48774	61384	inf
{92} {92} {92}	[{92}, {92}, {92}]	{feats_Number=Plur} {feats_Number=Plur} {feats_Number=Plur}	14848	11798	14848	48774	61384	inf
{18} {24} {3,5}	[{18}, {24}, {3, 5}]	{pos_ADP} {pos_DET} {pos_NOUN,feats_Number=Sing}	23406	22025	27719	48774	61384	inf
{18} {5,23,24,25,27,1271} {5}	[{18}, {5, 1271, 23, 24, 25, 27}, {5}]	{pos_ADP} {feats_Number=Sing,lemma_le,pos_DET,feats_Definite=Def,feats_PronType=Art,wp_▁l} {feats_Number=Sing}	12210	9702	12210	48774	61384	inf
{5} {5} {18} {5}	[{5}, {5}, {18}, {5}]	{feats_Number=Sing} {feats_Number=Sing} {pos_ADP} {feats_Number=Sing}	15815	12566	15815	48774	61384	inf
{18} {4,5,23,24,25,27,44} {3,4,5}	[{18}, {4, 5, 44, 23, 24, 25, 27}, {3, 4, 5}]	{pos_ADP} {feats_Gender=Masc,feats_Number=Sing,lemma_le,pos_DET,feats_Definite=Def,feats_PronType=Art,wp_▁le} {pos_NOUN,feats_Gender=Masc,feats_Number=Sing}	12703	10094	12703	48774	61384	inf
{3,5} {18} {5} {5}	[{3, 5}, {18}, {5}, {5}]	{pos_NOUN,feats_Number=Sing} {pos_ADP} {feats_Number=Sing} {feats_Number=Sing}	13107	10415	13107	48774	61384	inf
{18} {4,5,23,24,25,27,44} {3,4}	[{18}, {4, 5, 44, 23, 24, 25, 27}, {3, 4}]	{pos_ADP} {feats_Gender=Masc,feats_Number=Sing,lemma_le,pos_DET,feats_Definite=Def,feats_PronType=Art,wp_▁le} {pos_NOUN,feats_Gender=Masc}	12718	10106	12718	48774	61384	inf
{18} {4,5,23,24,25,27,44} {4}	[{18}, {4, 5, 44, 23, 24, 25, 27}, {4}]	{pos_ADP} {feats_Gender=Masc,feats_Number=Sing,lemma_le,pos_DET,feats_Definite=Def,feats_PronType=Art,wp_▁le} {feats_Gender=Masc}	14867	11813	14867	48774	61384	inf
{18} {4,5,23,24,25,27} {4,5}	[{18}, {4, 5, 23, 24, 25, 27}, {4, 5}]	{pos_ADP} {feats_Gender=Masc,feats_Number=Sing,lemma_le,pos_DET,feats_Definite=Def,feats_PronType=Art} {feats_Gender=Masc,feats_Number=Sing}	14869	11815	14869	48774	61384	inf
{18} {44} {4}	[{18}, {44}, {4}]	{pos_ADP} {wp_▁le} {feats_Gender=Masc}	14869	11815	14869	48774	61384	inf
{18} {92} {4,92}	[{18}, {92}, {4, 92}]	{pos_ADP} {feats_Number=Plur} {feats_Gender=Masc,feats_Number=Plur}	12535	9960	12535	48774	61384	inf
{5,26} {18} {5}	[{26, 5}, {18}, {5}]	{feats_Number=Sing,feats_Gender=Fem} {pos_ADP} {feats_Number=Sing}	12729	10114	12729	48774	61384	inf
{3} {18} {3,26}	[{3}, {18}, {26, 3}]	{pos_NOUN} {pos_ADP} {pos_NOUN,feats_Gender=Fem}	12361	9822	12361	48774	61384	inf
{18} {24,92} {3}	[{18}, {24, 92}, {3}]	{pos_ADP} {pos_DET,feats_Number=Plur} {pos_NOUN}	16178	12855	16178	48774	61384	inf
{18} {23,24,25,27,92,880,881} {92}	[{18}, {880, 881, 23, 24, 25, 27, 92}, {92}]	{pos_ADP} {lemma_le,pos_DET,feats_Definite=Def,feats_PronType=Art,feats_Number=Plur,dep_les,wp_▁les} {feats_Number=Plur}	12257	9739	12257	48774	61384	inf
{3} {18} {5} {3}	[{3}, {18}, {5}, {3}]	{pos_NOUN} {pos_ADP} {feats_Number=Sing} {pos_NOUN}	13804	10968	13804	48774	61384	inf
{17,18,728,730} {24,27} {4}	[{728, 17, 18, 730}, {24, 27}, {4}]	{lemma_de,pos_ADP,feats_de,wp_▁de} {pos_DET,feats_PronType=Art} {feats_Gender=Masc}	14545	11557	14545	48774	61384	inf
{3} {18} {5} {3,5}	[{3}, {18}, {5}, {3, 5}]	{pos_NOUN} {pos_ADP} {feats_Number=Sing} {pos_NOUN,feats_Number=Sing}	13776	10946	13776	48774	61384	inf
{18} {23,24,25,27} {3,92}	[{18}, {24, 25, 27, 23}, {3, 92}]	{pos_ADP} {lemma_le,pos_DET,feats_Definite=Def,feats_PronType=Art} {pos_NOUN,feats_Number=Plur}	13776	10946	13776	48774	61384	inf
{17,18} {5} {4,5}	[{17, 18}, {5}, {4, 5}]	{lemma_de,pos_ADP} {feats_Number=Sing} {feats_Gender=Masc,feats_Number=Sing}	12727	10113	12727	48774	61384	inf
{3} {18} {5,24,27}	[{3}, {18}, {24, 27, 5}]	{pos_NOUN} {pos_ADP} {feats_Number=Sing,pos_DET,feats_PronType=Art}	14265	11335	14265	48774	61384	inf
{18} {5,23,24,25,27} {4,5}	[{18}, {5, 23, 24, 25, 27}, {4, 5}]	{pos_ADP} {feats_Number=Sing,lemma_le,pos_DET,feats_Definite=Def,feats_PronType=Art} {feats_Gender=Masc,feats_Number=Sing}	16572	13168	16572	48774	61384	inf
{18} {5} {3,26}	[{18}, {5}, {26, 3}]	{pos_ADP} {feats_Number=Sing} {pos_NOUN,feats_Gender=Fem}	16908	13435	16908	48774	61384	inf
{17,18} {23,24,25,27} {4}	[{17, 18}, {24, 25, 27, 23}, {4}]	{lemma_de,pos_ADP} {lemma_le,pos_DET,feats_Definite=Def,feats_PronType=Art} {feats_Gender=Masc}	14601	11602	14601	48774	61384	inf
{3} {18} {5,23,24,25,27}	[{3}, {18}, {5, 23, 24, 25, 27}]	{pos_NOUN} {pos_ADP} {feats_Number=Sing,lemma_le,pos_DET,feats_Definite=Def,feats_PronType=Art}	13063	10380	13063	48774	61384	inf
{3} {18} {23,24,25,27}	[{3}, {18}, {24, 25, 27, 23}]	{pos_NOUN} {pos_ADP} {lemma_le,pos_DET,feats_Definite=Def,feats_PronType=Art}	14187	11273	14187	48774	61384	inf
{3} {18} {5,24}	[{3}, {18}, {24, 5}]	{pos_NOUN} {pos_ADP} {feats_Number=Sing,pos_DET}	14956	11884	14956	48774	61384	inf
{18} {26} {5}	[{18}, {26}, {5}]	{pos_ADP} {feats_Gender=Fem} {feats_Number=Sing}	14956	11884	14956	48774	61384	inf
{3} {17,18} {5,26}	[{3}, {17, 18}, {26, 5}]	{pos_NOUN} {lemma_de,pos_ADP} {feats_Number=Sing,feats_Gender=Fem}	12760	10139	12760	48774	61384	inf
{3,26} {18} {5}	[{26, 3}, {18}, {5}]	{pos_NOUN,feats_Gender=Fem} {pos_ADP} {feats_Number=Sing}	14328	11385	14328	48774	61384	inf
{18} {24,25,27} {3,5,26}	[{18}, {24, 25, 27}, {26, 3, 5}]	{pos_ADP} {pos_DET,feats_Definite=Def,feats_PronType=Art} {pos_NOUN,feats_Number=Sing,feats_Gender=Fem}	15032	11944	15032	48774	61384	inf
{18} {24,27,92} {3,92}	[{18}, {24, 27, 92}, {3, 92}]	{pos_ADP} {pos_DET,feats_PronType=Art,feats_Number=Plur} {pos_NOUN,feats_Number=Plur}	15050	11958	15050	48774	61384	inf
{18} {5,23,24,25,27} {4}	[{18}, {5, 23, 24, 25, 27}, {4}]	{pos_ADP} {feats_Number=Sing,lemma_le,pos_DET,feats_Definite=Def,feats_PronType=Art} {feats_Gender=Masc}	16588	13180	16588	48774	61384	inf
{18} {4,5,23,24,25,27,44} {4,5}	[{18}, {4, 5, 44, 23, 24, 25, 27}, {4, 5}]	{pos_ADP} {feats_Gender=Masc,feats_Number=Sing,lemma_le,pos_DET,feats_Definite=Def,feats_PronType=Art,wp_▁le} {feats_Gender=Masc,feats_Number=Sing}	14851	11800	14851	48774	61384	inf
{18} {4,5} {3,4}	[{18}, {4, 5}, {3, 4}]	{pos_ADP} {feats_Gender=Masc,feats_Number=Sing} {pos_NOUN,feats_Gender=Masc}	14632	11626	14632	48774	61384	inf
{3} {18} {24,27} {5}	[{3}, {18}, {24, 27}, {5}]	{pos_NOUN} {pos_ADP} {pos_DET,feats_PronType=Art} {feats_Number=Sing}	14157	11249	14157	48774	61384	inf
{18} {5} {5} {5}	[{18}, {5}, {5}, {5}]	{pos_ADP} {feats_Number=Sing} {feats_Number=Sing} {feats_Number=Sing}	12381	9838	12381	48774	61384	inf
{18} {5} {3,4}	[{18}, {5}, {3, 4}]	{pos_ADP} {feats_Number=Sing} {pos_NOUN,feats_Gender=Masc}	16669	13245	16669	48774	61384	inf
{18} {5,24} {5,26}	[{18}, {24, 5}, {26, 5}]	{pos_ADP} {feats_Number=Sing,pos_DET} {feats_Number=Sing,feats_Gender=Fem}	17438	13856	17438	48774	61384	inf
{18} {24,27} {3,4,5}	[{18}, {24, 27}, {3, 4, 5}]	{pos_ADP} {pos_DET,feats_PronType=Art} {pos_NOUN,feats_Gender=Masc,feats_Number=Sing}	15730	12499	15730	48774	61384	inf
{18} {5} {3,5,26}	[{18}, {5}, {26, 3, 5}]	{pos_ADP} {feats_Number=Sing} {pos_NOUN,feats_Number=Sing,feats_Gender=Fem}	16897	13426	16897	48774	61384	inf
{3} {18} {5,24,27} {3}	[{3}, {18}, {24, 27, 5}, {3}]	{pos_NOUN} {pos_ADP} {feats_Number=Sing,pos_DET,feats_PronType=Art} {pos_NOUN}	12843	10205	12843	48774	61384	inf
{3} {17,18} {5} {5}	[{3}, {17, 18}, {5}, {5}]	{pos_NOUN} {lemma_de,pos_ADP} {feats_Number=Sing} {feats_Number=Sing}	12714	10102	12714	48774	61384	inf
{26} {18} {5}	[{26}, {18}, {5}]	{feats_Gender=Fem} {pos_ADP} {feats_Number=Sing}	17168	13641	17168	48774	61384	inf
{17,18,728,730} {24,27} {3}	[{728, 17, 18, 730}, {24, 27}, {3}]	{lemma_de,pos_ADP,feats_de,wp_▁de} {pos_DET,feats_PronType=Art} {pos_NOUN}	19475	15474	19475	48774	61384	inf
{18} {4,5,44} {4,5}	[{18}, {4, 5, 44}, {4, 5}]	{pos_ADP} {feats_Gender=Masc,feats_Number=Sing,wp_▁le} {feats_Gender=Masc,feats_Number=Sing}	14852	11801	14852	48774	61384	inf
{18} {23,24,25,27} {3,4}	[{18}, {24, 25, 27, 23}, {3, 4}]	{pos_ADP} {lemma_le,pos_DET,feats_Definite=Def,feats_PronType=Art} {pos_NOUN,feats_Gender=Masc}	18697	14856	18697	48774	61384	inf
{18} {5,23,24,25,27} {3,4}	[{18}, {5, 23, 24, 25, 27}, {3, 4}]	{pos_ADP} {feats_Number=Sing,lemma_le,pos_DET,feats_Definite=Def,feats_PronType=Art} {pos_NOUN,feats_Gender=Masc}	14661	11649	14661	48774	61384	inf
{18} {4,5,24,25,27} {3,4,5}	[{18}, {4, 5, 24, 25, 27}, {3, 4, 5}]	{pos_ADP} {feats_Gender=Masc,feats_Number=Sing,pos_DET,feats_Definite=Def,feats_PronType=Art} {pos_NOUN,feats_Gender=Masc,feats_Number=Sing}	12716	10104	12716	48774	61384	inf
{18} {24,25,27} {26}	[{18}, {24, 25, 27}, {26}]	{pos_ADP} {pos_DET,feats_Definite=Def,feats_PronType=Art} {feats_Gender=Fem}	19248	17825	22433	48774	61384	inf
{5,23,24,25,27} {3,5} {18}	[{5, 23, 24, 25, 27}, {3, 5}, {18}]	{feats_Number=Sing,lemma_le,pos_DET,feats_Definite=Def,feats_PronType=Art} {pos_NOUN,feats_Number=Sing} {pos_ADP}	13548	10765	13548	48774	61384	inf
{18} {24,25,27} {3,5}	[{18}, {24, 25, 27}, {3, 5}]	{pos_ADP} {pos_DET,feats_Definite=Def,feats_PronType=Art} {pos_NOUN,feats_Number=Sing}	21678	20293	25540	48774	61384	inf
{18} {5,24} {26}	[{18}, {24, 5}, {26}]	{pos_ADP} {feats_Number=Sing,pos_DET} {feats_Gender=Fem}	17442	13859	17442	48774	61384	inf
{18} {92,881} {92}	[{18}, {881, 92}, {92}]	{pos_ADP} {feats_Number=Plur,wp_▁les} {feats_Number=Plur}	14792	11753	14792	48774	61384	inf
{5,24} {3} {5}	[{24, 5}, {3}, {5}]	{feats_Number=Sing,pos_DET} {pos_NOUN} {feats_Number=Sing}	14358	11409	14358	48774	61384	inf
{18} {23,24,25,27} {4,5}	[{18}, {24, 25, 27, 23}, {4, 5}]	{pos_ADP} {lemma_le,pos_DET,feats_Definite=Def,feats_PronType=Art} {feats_Gender=Masc,feats_Number=Sing}	16599	13189	16599	48774	61384	inf
{18} {5,24,27} {4}	[{18}, {24, 27, 5}, {4}]	{pos_ADP} {feats_Number=Sing,pos_DET,feats_PronType=Art} {feats_Gender=Masc}	17653	14027	17653	48774	61384	inf
{5,24,27} {5} {18}	[{24, 27, 5}, {5}, {18}]	{feats_Number=Sing,pos_DET,feats_PronType=Art} {feats_Number=Sing} {pos_ADP}	15497	12314	15497	48774	61384	inf
{26} {18} {5} {5}	[{26}, {18}, {5}, {5}]	{feats_Gender=Fem} {pos_ADP} {feats_Number=Sing} {feats_Number=Sing}	13163	10459	13163	48774	61384	inf
{18} {23,24,25,27,92} {92}	[{18}, {23, 24, 25, 27, 92}, {92}]	{pos_ADP} {lemma_le,pos_DET,feats_Definite=Def,feats_PronType=Art,feats_Number=Plur} {feats_Number=Plur}	14801	11761	14801	48774	61384	inf
{18} {4,5,24,25,27} {3,4}	[{18}, {4, 5, 24, 25, 27}, {3, 4}]	{pos_ADP} {feats_Gender=Masc,feats_Number=Sing,pos_DET,feats_Definite=Def,feats_PronType=Art} {pos_NOUN,feats_Gender=Masc}	12731	10116	12731	48774	61384	inf
{18} {24,25,27} {3,26}	[{18}, {24, 25, 27}, {26, 3}]	{pos_ADP} {pos_DET,feats_Definite=Def,feats_PronType=Art} {pos_NOUN,feats_Gender=Fem}	18593	14774	18593	48774	61384	inf
{18} {23,24,25,27,92} {3,92}	[{18}, {23, 24, 25, 27, 92}, {3, 92}]	{pos_ADP} {lemma_le,pos_DET,feats_Definite=Def,feats_PronType=Art,feats_Number=Plur} {pos_NOUN,feats_Number=Plur}	13771	10942	13771	48774	61384	inf
{18} {4,5,23,24,25,27,43,44} {4,5}	[{18}, {4, 5, 43, 44, 23, 24, 25, 27}, {4, 5}]	{pos_ADP} {feats_Gender=Masc,feats_Number=Sing,lemma_le,pos_DET,feats_Definite=Def,feats_PronType=Art,dep_le,wp_▁le} {feats_Gender=Masc,feats_Number=Sing}	12227	9715	12227	48774	61384	inf
{18} {23,24,25,27,92,881} {3}	[{18}, {881, 23, 24, 25, 27, 92}, {3}]	{pos_ADP} {lemma_le,pos_DET,feats_Definite=Def,feats_PronType=Art,feats_Number=Plur,wp_▁les} {pos_NOUN}	13765	10937	13765	48774	61384	inf
{24} {4} {18}	[{24}, {4}, {18}]	{pos_DET} {feats_Gender=Masc} {pos_ADP}	13756	10930	13756	48774	61384	inf
{18} {4,5,44} {5}	[{18}, {4, 5, 44}, {5}]	{pos_ADP} {feats_Gender=Masc,feats_Number=Sing,wp_▁le} {feats_Number=Sing}	14923	11858	14923	48774	61384	inf
{730} {5,23,24,25,27} {3,5}	[{730}, {5, 23, 24, 25, 27}, {3, 5}]	{wp_▁de} {feats_Number=Sing,lemma_le,pos_DET,feats_Definite=Def,feats_PronType=Art} {pos_NOUN,feats_Number=Sing}	14895	11835	14895	48774	61384	inf
{24,25,27} {5} {5}	[{24, 25, 27}, {5}, {5}]	{pos_DET,feats_Definite=Def,feats_PronType=Art} {feats_Number=Sing} {feats_Number=Sing}	13339	10599	13339	48774	61384	inf
{5} {3} {18}	[{5}, {3}, {18}]	{feats_Number=Sing} {pos_NOUN} {pos_ADP}	16734	15858	19958	48774	61384	inf
{3} {18} {3}	[{3}, {18}, {3}]	{pos_NOUN} {pos_ADP} {pos_NOUN}	16729	13293	16729	48774	61384	inf
{24} {26} {26}	[{24}, {26}, {26}]	{pos_DET} {feats_Gender=Fem} {feats_Gender=Fem}	13679	10869	13679	48774	61384	inf
{3} {18} {5,24} {5}	[{3}, {18}, {24, 5}, {5}]	{pos_NOUN} {pos_ADP} {feats_Number=Sing,pos_DET} {feats_Number=Sing}	14846	11796	14846	48774	61384	inf
{17,18} {5,24} {3}	[{17, 18}, {24, 5}, {3}]	{lemma_de,pos_ADP} {feats_Number=Sing,pos_DET} {pos_NOUN}	16764	13320	16764	48774	61384	inf
{3} {18} {24,27}	[{3}, {18}, {24, 27}]	{pos_NOUN} {pos_ADP} {pos_DET,feats_PronType=Art}	15823	12573	15823	48774	61384	inf
{18} {24,27} {3,92}	[{18}, {24, 27}, {3, 92}]	{pos_ADP} {pos_DET,feats_PronType=Art} {pos_NOUN,feats_Number=Plur}	15054	11962	15054	48774	61384	inf
{17,18} {5,24} {3,5}	[{17, 18}, {24, 5}, {3, 5}]	{lemma_de,pos_ADP} {feats_Number=Sing,pos_DET} {pos_NOUN,feats_Number=Sing}	16758	13316	16758	48774	61384	inf
{17,18,730,878} {23,24,25,27} {4}	[{17, 18, 878, 730}, {24, 25, 27, 23}, {4}]	{lemma_de,pos_ADP,wp_▁de,dep_de} {lemma_le,pos_DET,feats_Definite=Def,feats_PronType=Art} {feats_Gender=Masc}	13682	10871	13682	48774	61384	inf
{17,18,728,730} {23,24,25,27} {4}	[{728, 17, 18, 730}, {24, 25, 27, 23}, {4}]	{lemma_de,pos_ADP,feats_de,wp_▁de} {lemma_le,pos_DET,feats_Definite=Def,feats_PronType=Art} {feats_Gender=Masc}	14541	11554	14541	48774	61384	inf
{18} {23,24,25,27,92} {3}	[{18}, {23, 24, 25, 27, 92}, {3}]	{pos_ADP} {lemma_le,pos_DET,feats_Definite=Def,feats_PronType=Art,feats_Number=Plur} {pos_NOUN}	13772	10943	13772	48774	61384	inf
{24,27} {5} {17}	[{24, 27}, {5}, {17}]	{pos_DET,feats_PronType=Art} {feats_Number=Sing} {lemma_de}	12630	10036	12630	48774	61384	inf
{18} {24} {3,4,5}	[{18}, {24}, {3, 4, 5}]	{pos_ADP} {pos_DET} {pos_NOUN,feats_Gender=Masc,feats_Number=Sing}	16475	13091	16475	48774	61384	inf
{17,18,730} {23} {26}	[{17, 18, 730}, {23}, {26}]	{lemma_de,pos_ADP,wp_▁de} {lemma_le} {feats_Gender=Fem}	13603	10809	13603	48774	61384	inf
{17,18,730} {24,27} {26}	[{17, 18, 730}, {24, 27}, {26}]	{lemma_de,pos_ADP,wp_▁de} {pos_DET,feats_PronType=Art} {feats_Gender=Fem}	13603	10809	13603	48774	61384	inf
{5} {18} {24}	[{5}, {18}, {24}]	{feats_Number=Sing} {pos_ADP} {pos_DET}	17493	13900	17493	48774	61384	inf
{24} {92} {92}	[{24}, {92}, {92}]	{pos_DET} {feats_Number=Plur} {feats_Number=Plur}	13217	10502	13217	48774	61384	inf
{3} {17,18} {3}	[{3}, {17, 18}, {3}]	{pos_NOUN} {lemma_de,pos_ADP} {pos_NOUN}	14784	11747	14784	48774	61384	inf
{17,18,728,730} {92} {92}	[{728, 17, 18, 730}, {92}, {92}]	{lemma_de,pos_ADP,feats_de,wp_▁de} {feats_Number=Plur} {feats_Number=Plur}	13617	10820	13617	48774	61384	inf
{24} {3,5} {17,18}	[{24}, {3, 5}, {17, 18}]	{pos_DET} {pos_NOUN,feats_Number=Sing} {lemma_de,pos_ADP}	12830	10195	12830	48774	61384	inf
{18} {5,24,27} {3,4}	[{18}, {24, 27, 5}, {3, 4}]	{pos_ADP} {feats_Number=Sing,pos_DET,feats_PronType=Art} {pos_NOUN,feats_Gender=Masc}	15744	12510	15744	48774	61384	inf
{17,18} {24,25,27} {26}	[{17, 18}, {24, 25, 27}, {26}]	{lemma_de,pos_ADP} {pos_DET,feats_Definite=Def,feats_PronType=Art} {feats_Gender=Fem}	13666	10859	13666	48774	61384	inf
{23,24,25,27} {5} {5}	[{24, 25, 27, 23}, {5}, {5}]	{lemma_le,pos_DET,feats_Definite=Def,feats_PronType=Art} {feats_Number=Sing} {feats_Number=Sing}	13337	10597	13337	48774	61384	inf
{5} {18} {24,25,27} {3}	[{5}, {18}, {24, 25, 27}, {3}]	{feats_Number=Sing} {pos_ADP} {pos_DET,feats_Definite=Def,feats_PronType=Art} {pos_NOUN}	13110	10417	13110	48774	61384	inf
{17} {23,24,25,27} {3,26}	[{17}, {24, 25, 27, 23}, {26, 3}]	{lemma_de} {lemma_le,pos_DET,feats_Definite=Def,feats_PronType=Art} {pos_NOUN,feats_Gender=Fem}	13110	10417	13110	48774	61384	inf
{17,18} {24,25,27} {3,26}	[{17, 18}, {24, 25, 27}, {26, 3}]	{lemma_de,pos_ADP} {pos_DET,feats_Definite=Def,feats_PronType=Art} {pos_NOUN,feats_Gender=Fem}	13110	10417	13110	48774	61384	inf
{18} {24,25,27} {3,4,5}	[{18}, {24, 25, 27}, {3, 4, 5}]	{pos_ADP} {pos_DET,feats_Definite=Def,feats_PronType=Art} {pos_NOUN,feats_Gender=Masc,feats_Number=Sing}	14648	11639	14648	48774	61384	inf
{18} {24} {3} {18}	[{18}, {24}, {3}, {18}]	{pos_ADP} {pos_DET} {pos_NOUN} {pos_ADP}	14666	11653	14666	48774	61384	inf
{17,18,728,730} {24,27} {3,5}	[{728, 17, 18, 730}, {24, 27}, {3, 5}]	{lemma_de,pos_ADP,feats_de,wp_▁de} {pos_DET,feats_PronType=Art} {pos_NOUN,feats_Number=Sing}	14856	11804	14856	48774	61384	inf
{17,18,728,730} {23,24,25,27} {3,26}	[{728, 17, 18, 730}, {24, 25, 27, 23}, {26, 3}]	{lemma_de,pos_ADP,feats_de,wp_▁de} {lemma_le,pos_DET,feats_Definite=Def,feats_PronType=Art} {pos_NOUN,feats_Gender=Fem}	13028	10352	13028	48774	61384	inf
{5} {18} {5} {5}	[{5}, {18}, {5}, {5}]	{feats_Number=Sing} {pos_ADP} {feats_Number=Sing} {feats_Number=Sing}	16529	13134	16529	48774	61384	inf
{17,18,730} {24,27} {5}	[{17, 18, 730}, {24, 27}, {5}]	{lemma_de,pos_ADP,wp_▁de} {pos_DET,feats_PronType=Art} {feats_Number=Sing}	17336	13775	17336	48774	61384	inf
{18} {4,5,44} {3}	[{18}, {4, 5, 44}, {3}]	{pos_ADP} {feats_Gender=Masc,feats_Number=Sing,wp_▁le} {pos_NOUN}	12722	10109	12722	48774	61384	inf
{18} {5,24,25,27} {3,5,26}	[{18}, {24, 25, 27, 5}, {26, 3, 5}]	{pos_ADP} {feats_Number=Sing,pos_DET,feats_Definite=Def,feats_PronType=Art} {pos_NOUN,feats_Number=Sing,feats_Gender=Fem}	15029	11942	15029	48774	61384	inf
{17,18} {5,23,24,25,27} {3}	[{17, 18}, {5, 23, 24, 25, 27}, {3}]	{lemma_de,pos_ADP} {feats_Number=Sing,lemma_le,pos_DET,feats_Definite=Def,feats_PronType=Art} {pos_NOUN}	14975	11899	14975	48774	61384	inf
{17,18,728,730} {5,23,24,25,27} {5}	[{728, 17, 18, 730}, {5, 23, 24, 25, 27}, {5}]	{lemma_de,pos_ADP,feats_de,wp_▁de} {feats_Number=Sing,lemma_le,pos_DET,feats_Definite=Def,feats_PronType=Art} {feats_Number=Sing}	17282	13732	17282	48774	61384	inf
{17,18,728,730} {24} {3,5}	[{728, 17, 18, 730}, {24}, {3, 5}]	{lemma_de,pos_ADP,feats_de,wp_▁de} {pos_DET} {pos_NOUN,feats_Number=Sing}	15532	12341	15532	48774	61384	inf
{17,18,730} {23,24,25,27} {3}	[{17, 18, 730}, {24, 25, 27, 23}, {3}]	{lemma_de,pos_ADP,wp_▁de} {lemma_le,pos_DET,feats_Definite=Def,feats_PronType=Art} {pos_NOUN}	19504	15497	19504	48774	61384	inf
{24,25,27} {3} {18} {5}	[{24, 25, 27}, {3}, {18}, {5}]	{pos_DET,feats_Definite=Def,feats_PronType=Art} {pos_NOUN} {pos_ADP} {feats_Number=Sing}	13750	10926	13750	48774	61384	inf
{18} {24,27} {3,5}	[{18}, {24, 27}, {3, 5}]	{pos_ADP} {pos_DET,feats_PronType=Art} {pos_NOUN,feats_Number=Sing}	22718	21330	26844	48774	61384	inf
{17,18,730} {24} {3,4}	[{17, 18, 730}, {24}, {3, 4}]	{lemma_de,pos_ADP,wp_▁de} {pos_DET} {pos_NOUN,feats_Gender=Masc}	13680	10870	13680	48774	61384	inf
{17,18,730} {5} {3,5}	[{17, 18, 730}, {5}, {3, 5}]	{lemma_de,pos_ADP,wp_▁de} {feats_Number=Sing} {pos_NOUN,feats_Number=Sing}	15717	12488	15717	48774	61384	inf
{24,27} {5} {17,18}	[{24, 27}, {5}, {17, 18}]	{pos_DET,feats_PronType=Art} {feats_Number=Sing} {lemma_de,pos_ADP}	12629	10035	12629	48774	61384	inf
{17,18,728,730} {23} {26}	[{728, 17, 18, 730}, {23}, {26}]	{lemma_de,pos_ADP,feats_de,wp_▁de} {lemma_le} {feats_Gender=Fem}	13583	10793	13583	48774	61384	inf
{17,18,728,730} {24,27} {26}	[{728, 17, 18, 730}, {24, 27}, {26}]	{lemma_de,pos_ADP,feats_de,wp_▁de} {pos_DET,feats_PronType=Art} {feats_Gender=Fem}	13583	10793	13583	48774	61384	inf
{3,5} {18} {24,27}	[{3, 5}, {18}, {24, 27}]	{pos_NOUN,feats_Number=Sing} {pos_ADP} {pos_DET,feats_PronType=Art}	12416	9866	12416	48774	61384	inf
{17,18,730} {24,27} {3,26}	[{17, 18, 730}, {24, 27}, {26, 3}]	{lemma_de,pos_ADP,wp_▁de} {pos_DET,feats_PronType=Art} {pos_NOUN,feats_Gender=Fem}	13050	10369	13050	48774	61384	inf
{17,18,730} {5,24,27} {5}	[{17, 18, 730}, {24, 27, 5}, {5}]	{lemma_de,pos_ADP,wp_▁de} {feats_Number=Sing,pos_DET,feats_PronType=Art} {feats_Number=Sing}	17325	13766	17325	48774	61384	inf
{17,18} {5} {5,26}	[{17, 18}, {5}, {26, 5}]	{lemma_de,pos_ADP} {feats_Number=Sing} {feats_Number=Sing,feats_Gender=Fem}	12711	10100	12711	48774	61384	inf
{24,27} {3,4} {18}	[{24, 27}, {3, 4}, {18}]	{pos_DET,feats_PronType=Art} {pos_NOUN,feats_Gender=Masc} {pos_ADP}	12711	10100	12711	48774	61384	inf
{24} {3,4} {18}	[{24}, {3, 4}, {18}]	{pos_DET} {pos_NOUN,feats_Gender=Masc} {pos_ADP}	13435	10675	13435	48774	61384	inf
{24,27} {3} {17,18}	[{24, 27}, {3}, {17, 18}]	{pos_DET,feats_PronType=Art} {pos_NOUN} {lemma_de,pos_ADP}	16360	12999	16360	48774	61384	inf
{18} {5,24,27} {5,26}	[{18}, {24, 27, 5}, {26, 5}]	{pos_ADP} {feats_Number=Sing,pos_DET,feats_PronType=Art} {feats_Number=Sing,feats_Gender=Fem}	16776	13330	16776	48774	61384	inf
{17,18,730} {5,24,27} {3}	[{17, 18, 730}, {24, 27, 5}, {3}]	{lemma_de,pos_ADP,wp_▁de} {feats_Number=Sing,pos_DET,feats_PronType=Art} {pos_NOUN}	14900	11839	14900	48774	61384	inf
{18} {5,24,25,27} {5,26}	[{18}, {24, 25, 27, 5}, {26, 5}]	{pos_ADP} {feats_Number=Sing,pos_DET,feats_Definite=Def,feats_PronType=Art} {feats_Number=Sing,feats_Gender=Fem}	15669	12450	15669	48774	61384	inf
{18} {4,5,24} {4}	[{18}, {24, 4, 5}, {4}]	{pos_ADP} {feats_Gender=Masc,feats_Number=Sing,pos_DET} {feats_Gender=Masc}	16566	13163	16566	48774	61384	inf
{18} {4,5,23,24,25,27,44} {3}	[{18}, {4, 5, 44, 23, 24, 25, 27}, {3}]	{pos_ADP} {feats_Gender=Masc,feats_Number=Sing,lemma_le,pos_DET,feats_Definite=Def,feats_PronType=Art,wp_▁le} {pos_NOUN}	12721	10108	12721	48774	61384	inf
{26} {17,18} {5}	[{26}, {17, 18}, {5}]	{feats_Gender=Fem} {lemma_de,pos_ADP} {feats_Number=Sing}	12583	9998	12583	48774	61384	inf
{17,18,730} {23,24,25,27} {5}	[{17, 18, 730}, {24, 25, 27, 23}, {5}]	{lemma_de,pos_ADP,wp_▁de} {lemma_le,pos_DET,feats_Definite=Def,feats_PronType=Art} {feats_Number=Sing}	17335	13774	17335	48774	61384	inf
{730} {24} {5}	[{730}, {24}, {5}]	{wp_▁de} {pos_DET} {feats_Number=Sing}	17948	14261	17948	48774	61384	inf
{17,18,730} {23,24,25,27} {3,4}	[{17, 18, 730}, {24, 25, 27, 23}, {3, 4}]	{lemma_de,pos_ADP,wp_▁de} {lemma_le,pos_DET,feats_Definite=Def,feats_PronType=Art} {pos_NOUN,feats_Gender=Masc}	12796	10168	12796	48774	61384	inf
{5} {4} {5}	[{5}, {4}, {5}]	{feats_Number=Sing} {feats_Gender=Masc} {feats_Number=Sing}	12407	9858	12407	48774	61384	inf
{17,18,730} {24} {4}	[{17, 18, 730}, {24}, {4}]	{lemma_de,pos_ADP,wp_▁de} {pos_DET} {feats_Gender=Masc}	15415	12248	15415	48774	61384	inf
{17,18} {23,24,25,27} {3,26}	[{17, 18}, {24, 25, 27, 23}, {26, 3}]	{lemma_de,pos_ADP} {lemma_le,pos_DET,feats_Definite=Def,feats_PronType=Art} {pos_NOUN,feats_Gender=Fem}	13108	10415	13108	48774	61384	inf
{18} {5,23,24,25,27} {3,4,5}	[{18}, {5, 23, 24, 25, 27}, {3, 4, 5}]	{pos_ADP} {feats_Number=Sing,lemma_le,pos_DET,feats_Definite=Def,feats_PronType=Art} {pos_NOUN,feats_Gender=Masc,feats_Number=Sing}	14646	11637	14646	48774	61384	inf
{24} {3} {18} {5}	[{24}, {3}, {18}, {5}]	{pos_DET} {pos_NOUN} {pos_ADP} {feats_Number=Sing}	16187	12862	16187	48774	61384	inf
{17,18} {5} {3,5}	[{17, 18}, {5}, {3, 5}]	{lemma_de,pos_ADP} {feats_Number=Sing} {pos_NOUN,feats_Number=Sing}	16965	13480	16965	48774	61384	inf
{17,18} {24} {4}	[{17, 18}, {24}, {4}]	{lemma_de,pos_ADP} {pos_DET} {feats_Gender=Masc}	16196	12869	16196	48774	61384	inf
{17,18,730} {24} {5}	[{17, 18, 730}, {24}, {5}]	{lemma_de,pos_ADP,wp_▁de} {pos_DET} {feats_Number=Sing}	17946	14260	17946	48774	61384	inf
{18} {4,5,24,25,27} {4,5}	[{18}, {4, 5, 24, 25, 27}, {4, 5}]	{pos_ADP} {feats_Gender=Masc,feats_Number=Sing,pos_DET,feats_Definite=Def,feats_PronType=Art} {feats_Gender=Masc,feats_Number=Sing}	14870	11815	14870	48774	61384	inf
{17} {23} {26}	[{17}, {23}, {26}]	{lemma_de} {lemma_le} {feats_Gender=Fem}	13667	10860	13667	48774	61384	inf
{24} {3} {17,18} {5}	[{24}, {3}, {17, 18}, {5}]	{pos_DET} {pos_NOUN} {lemma_de,pos_ADP} {feats_Number=Sing}	13667	10860	13667	48774	61384	inf
{4} {18} {24} {3}	[{4}, {18}, {24}, {3}]	{feats_Gender=Masc} {pos_ADP} {pos_DET} {pos_NOUN}	12735	10119	12735	48774	61384	inf
{3,5} {18} {24} {3}	[{3, 5}, {18}, {24}, {3}]	{pos_NOUN,feats_Number=Sing} {pos_ADP} {pos_DET} {pos_NOUN}	12346	9810	12346	48774	61384	inf
{17} {23,24,25,27} {26}	[{17}, {24, 25, 27, 23}, {26}]	{lemma_de} {lemma_le,pos_DET,feats_Definite=Def,feats_PronType=Art} {feats_Gender=Fem}	13666	10859	13666	48774	61384	inf
{17,18} {24,27} {5}	[{17, 18}, {24, 27}, {5}]	{lemma_de,pos_ADP} {pos_DET,feats_PronType=Art} {feats_Number=Sing}	18535	14728	18535	48774	61384	inf
{17,18} {5} {3}	[{17, 18}, {5}, {3}]	{lemma_de,pos_ADP} {feats_Number=Sing} {pos_NOUN}	16996	13505	16996	48774	61384	inf
{18} {24,25,27} {3}	[{18}, {24, 25, 27}, {3}]	{pos_ADP} {pos_DET,feats_Definite=Def,feats_PronType=Art} {pos_NOUN}	25203	23562	29654	48774	61384	inf
{18} {5,23,24,25,27} {3}	[{18}, {5, 23, 24, 25, 27}, {3}]	{pos_ADP} {feats_Number=Sing,lemma_le,pos_DET,feats_Definite=Def,feats_PronType=Art} {pos_NOUN}	21685	20300	25548	48774	61384	inf
{18} {24} {3}	[{18}, {24}, {3}]	{pos_ADP} {pos_DET} {pos_NOUN}	27036	25379	31940	48774	61384	inf
{18} {5} {26}	[{18}, {5}, {26}]	{pos_ADP} {feats_Number=Sing} {feats_Gender=Fem}	18799	17601	22151	48774	61384	inf
{18} {5,24,27} {3}	[{18}, {24, 27, 5}, {3}]	{pos_ADP} {feats_Number=Sing,pos_DET,feats_PronType=Art} {pos_NOUN}	22726	21337	26854	48774	61384	inf
{5} {5} {5}	[{5}, {5}, {5}]	{feats_Number=Sing} {feats_Number=Sing} {feats_Number=Sing}	19067	17856	22472	48774	61384	inf
{18} {5,24} {3}	[{18}, {24, 5}, {3}]	{pos_ADP} {feats_Number=Sing,pos_DET} {pos_NOUN}	23413	22031	27727	48774	61384	inf
{18} {5} {5,26}	[{18}, {5}, {26, 5}]	{pos_ADP} {feats_Number=Sing} {feats_Number=Sing,feats_Gender=Fem}	18675	17496	22019	48774	61384	inf
{18} {5,24,25,27} {3}	[{18}, {24, 25, 27, 5}, {3}]	{pos_ADP} {feats_Number=Sing,pos_DET,feats_Definite=Def,feats_PronType=Art} {pos_NOUN}	21686	20301	25550	48774	61384	inf
{18} {23,24,25,27} {26}	[{18}, {24, 25, 27, 23}, {26}]	{pos_ADP} {lemma_le,pos_DET,feats_Definite=Def,feats_PronType=Art} {feats_Gender=Fem}	19246	17823	22431	48774	61384	inf
{17,18} {24} {5}	[{17, 18}, {24}, {5}]	{lemma_de,pos_ADP} {pos_DET} {feats_Number=Sing}	19093	17736	22321	48774	61384	inf
{18} {24,25,27} {4}	[{18}, {24, 25, 27}, {4}]	{pos_ADP} {pos_DET,feats_Definite=Def,feats_PronType=Art} {feats_Gender=Masc}	20290	18687	23518	48774	61384	inf
{18} {5,24,27} {3,5}	[{18}, {24, 27, 5}, {3, 5}]	{pos_ADP} {feats_Number=Sing,pos_DET,feats_PronType=Art} {pos_NOUN,feats_Number=Sing}	22717	21329	26843	48774	61384	inf
{18} {5,23,24,25,27} {5}	[{18}, {5, 23, 24, 25, 27}, {5}]	{pos_ADP} {feats_Number=Sing,lemma_le,pos_DET,feats_Definite=Def,feats_PronType=Art} {feats_Number=Sing}	23507	22026	27720	48774	61384	inf
{18} {24,27} {26}	[{18}, {24, 27}, {26}]	{pos_ADP} {pos_DET,feats_PronType=Art} {feats_Gender=Fem}	20582	19085	24019	48774	61384	inf
{18} {5,23,24,25,27} {3,5}	[{18}, {5, 23, 24, 25, 27}, {3, 5}]	{pos_ADP} {feats_Number=Sing,lemma_le,pos_DET,feats_Definite=Def,feats_PronType=Art} {pos_NOUN,feats_Number=Sing}	21676	20291	25537	48774	61384	inf
{18} {23,24,25,27} {4}	[{18}, {24, 25, 27, 23}, {4}]	{pos_ADP} {lemma_le,pos_DET,feats_Definite=Def,feats_PronType=Art} {feats_Gender=Masc}	20289	18685	23516	48774	61384	inf
{18} {24,27} {3,4}	[{18}, {24, 27}, {3, 4}]	{pos_ADP} {pos_DET,feats_PronType=Art} {pos_NOUN,feats_Gender=Masc}	19964	18389	23143	48774	61384	inf
{23,24} {3} {11}	[{24, 23}, {3}, {11}]	{lemma_le,pos_DET} {pos_NOUN} {pos_ADJ}	12995	10326	12995	48774	61384	inf
{18} {24,27} {3,26}	[{18}, {24, 27}, {26, 3}]	{pos_ADP} {pos_DET,feats_PronType=Art} {pos_NOUN,feats_Gender=Fem}	19776	18306	23039	48774	61384	inf
{18} {24} {3,26}	[{18}, {24}, {26, 3}]	{pos_ADP} {pos_DET} {pos_NOUN,feats_Gender=Fem}	20594	19094	24030	48774	61384	inf
{3} {18} {5}	[{3}, {18}, {5}]	{pos_NOUN} {pos_ADP} {feats_Number=Sing}	21955	20689	26038	48774	61384	inf
{24,27} {3} {18}	[{24, 27}, {3}, {18}]	{pos_DET,feats_PronType=Art} {pos_NOUN} {pos_ADP}	19182	18040	22704	48774	61384	inf
{18} {5} {3,5}	[{18}, {5}, {3, 5}]	{pos_ADP} {feats_Number=Sing} {pos_NOUN,feats_Number=Sing}	23605	22270	28028	48774	61384	inf
{18} {23,24,25,27} {3}	[{18}, {24, 25, 27, 23}, {3}]	{pos_ADP} {lemma_le,pos_DET,feats_Definite=Def,feats_PronType=Art} {pos_NOUN}	25202	23561	29652	48774	61384	inf
{18} {24,27} {3}	[{18}, {24, 27}, {3}]	{pos_ADP} {pos_DET,feats_PronType=Art} {pos_NOUN}	26324	24647	31019	48774	61384	inf
{3} {17,18} {5}	[{3}, {17, 18}, {5}]	{pos_NOUN} {lemma_de,pos_ADP} {feats_Number=Sing}	18660	17443	21953	48774	61384	inf
{18} {23,24,25,27} {5}	[{18}, {24, 25, 27, 23}, {5}]	{pos_ADP} {lemma_le,pos_DET,feats_Definite=Def,feats_PronType=Art} {feats_Number=Sing}	23515	22038	27736	48774	61384	inf
{18} {24,27} {5}	[{18}, {24, 27}, {5}]	{pos_ADP} {pos_DET,feats_PronType=Art} {feats_Number=Sing}	24492	23038	28994	48774	61384	inf
{17,18} {24} {3}	[{17, 18}, {24}, {3}]	{lemma_de,pos_ADP} {pos_DET} {pos_NOUN}	21256	19709	24804	48774	61384	inf
{18} {24,27} {4}	[{18}, {24, 27}, {4}]	{pos_ADP} {pos_DET,feats_PronType=Art} {feats_Gender=Masc}	21522	19890	25032	48774	61384	inf
{3,5} {18} {5}	[{3, 5}, {18}, {5}]	{pos_NOUN,feats_Number=Sing} {pos_ADP} {feats_Number=Sing}	16761	15854	19953	48774	61384	inf
{5} {18} {5}	[{5}, {18}, {5}]	{feats_Number=Sing} {pos_ADP} {feats_Number=Sing}	20086	18959	23861	48774	61384	inf
{18} {5} {3}	[{18}, {5}, {3}]	{pos_ADP} {feats_Number=Sing} {pos_NOUN}	23635	22297	28062	48774	61384	inf
{4} {18} {5}	[{4}, {18}, {5}]	{feats_Gender=Masc} {pos_ADP} {feats_Number=Sing}	18188	16967	21354	48774	61384	inf
{18} {5,24,25,27} {3,5}	[{18}, {24, 25, 27, 5}, {3, 5}]	{pos_ADP} {feats_Number=Sing,pos_DET,feats_Definite=Def,feats_PronType=Art} {pos_NOUN,feats_Number=Sing}	21677	20293	25539	48774	61384	inf
{24} {3} {18}	[{24}, {3}, {18}]	{pos_DET} {pos_NOUN} {pos_ADP}	19896	18723	23564	48774	61384	inf
{18} {24} {5}	[{18}, {24}, {5}]	{pos_ADP} {pos_DET} {feats_Number=Sing}	25090	23650	29765	48774	61384	inf
{18} {5} {5}	[{18}, {5}, {5}]	{pos_ADP} {feats_Number=Sing} {feats_Number=Sing}	26166	24716	31106	48774	61384	inf
{5,24} {3,5} {5}	[{24, 5}, {3, 5}, {5}]	{feats_Number=Sing,pos_DET} {pos_NOUN,feats_Number=Sing} {feats_Number=Sing}	14354	11405	14354	48774	61384	inf
{17} {24} {3,26}	[{17}, {24}, {26, 3}]	{lemma_de} {pos_DET} {pos_NOUN,feats_Gender=Fem}	14496	11518	14496	48774	61384	inf
{17,18} {5,24,27} {5}	[{17, 18}, {24, 27, 5}, {5}]	{lemma_de,pos_ADP} {feats_Number=Sing,pos_DET,feats_PronType=Art} {feats_Number=Sing}	18524	14719	18524	48774	61384	inf
{24} {3} {730}	[{24}, {3}, {730}]	{pos_DET} {pos_NOUN} {wp_▁de}	14652	11642	14652	48774	61384	inf
{17} {24,25,27} {26}	[{17}, {24, 25, 27}, {26}]	{lemma_de} {pos_DET,feats_Definite=Def,feats_PronType=Art} {feats_Gender=Fem}	13668	10860	13668	48774	61384	inf
{17,18} {24,27} {26}	[{17, 18}, {24, 27}, {26}]	{lemma_de,pos_ADP} {pos_DET,feats_PronType=Art} {feats_Gender=Fem}	14440	11474	14440	48774	61384	inf
{17,18} {24,27} {3,4}	[{17, 18}, {24, 27}, {3, 4}]	{lemma_de,pos_ADP} {pos_DET,feats_PronType=Art} {pos_NOUN,feats_Gender=Masc}	13615	10818	13615	48774	61384	inf
{24} {5} {105}	[{24}, {5}, {105}]	{pos_DET} {feats_Number=Sing} {pos_PUNCT}	12856	10215	12856	48774	61384	inf
{18} {5,24} {3,5,26}	[{18}, {24, 5}, {26, 3, 5}]	{pos_ADP} {feats_Number=Sing,pos_DET} {pos_NOUN,feats_Number=Sing,feats_Gender=Fem}	16701	13270	16701	48774	61384	inf
{17,18,728,730} {24} {4}	[{728, 17, 18, 730}, {24}, {4}]	{lemma_de,pos_ADP,feats_de,wp_▁de} {pos_DET} {feats_Gender=Masc}	15383	12223	15383	48774	61384	inf
{17,18,730} {23,24,25,27} {3,26}	[{17, 18, 730}, {24, 25, 27, 23}, {26, 3}]	{lemma_de,pos_ADP,wp_▁de} {lemma_le,pos_DET,feats_Definite=Def,feats_PronType=Art} {pos_NOUN,feats_Gender=Fem}	13049	10369	13049	48774	61384	inf
{24,27} {4} {18}	[{24, 27}, {4}, {18}]	{pos_DET,feats_PronType=Art} {feats_Gender=Masc} {pos_ADP}	13049	10369	13049	48774	61384	inf
{18} {5,24,26,27} {5}	[{18}, {24, 26, 27, 5}, {5}]	{pos_ADP} {feats_Number=Sing,pos_DET,feats_Gender=Fem,feats_PronType=Art} {feats_Number=Sing}	12271	9750	12271	48774	61384	inf
{17,18} {5} {4}	[{17, 18}, {5}, {4}]	{lemma_de,pos_ADP} {feats_Number=Sing} {feats_Gender=Masc}	12986	10318	12986	48774	61384	inf
{18} {23,24,25,27,92,881} {3,92}	[{18}, {881, 23, 24, 25, 27, 92}, {3, 92}]	{pos_ADP} {lemma_le,pos_DET,feats_Definite=Def,feats_PronType=Art,feats_Number=Plur,wp_▁les} {pos_NOUN,feats_Number=Plur}	13764	10937	13764	48774	61384	inf
{17,18,728,730} {23,24,25,27} {3,5}	[{728, 17, 18, 730}, {24, 25, 27, 23}, {3, 5}]	{lemma_de,pos_ADP,feats_de,wp_▁de} {lemma_le,pos_DET,feats_Definite=Def,feats_PronType=Art} {pos_NOUN,feats_Number=Sing}	14855	11804	14855	48774	61384	inf
{17} {24,25,27} {3,26}	[{17}, {24, 25, 27}, {26, 3}]	{lemma_de} {pos_DET,feats_Definite=Def,feats_PronType=Art} {pos_NOUN,feats_Gender=Fem}	13112	10419	13112	48774	61384	inf
{17,18,728,730} {5} {3}	[{728, 17, 18, 730}, {5}, {3}]	{lemma_de,pos_ADP,feats_de,wp_▁de} {feats_Number=Sing} {pos_NOUN}	15718	12489	15718	48774	61384	inf
{17,18,730} {24} {3}	[{17, 18, 730}, {24}, {3}]	{lemma_de,pos_ADP,wp_▁de} {pos_DET} {pos_NOUN}	20447	18807	23669	48774	61384	inf
{17,18} {5,24} {5}	[{17, 18}, {24, 5}, {5}]	{lemma_de,pos_ADP} {feats_Number=Sing,pos_DET} {feats_Number=Sing}	19083	17720	22301	48774	61384	inf
{17,18,728,730} {24} {3}	[{728, 17, 18, 730}, {24}, {3}]	{lemma_de,pos_ADP,feats_de,wp_▁de} {pos_DET} {pos_NOUN}	20424	18785	23642	48774	61384	inf
{18} {24} {4}	[{18}, {24}, {4}]	{pos_ADP} {pos_DET} {feats_Gender=Masc}	22358	20707	26061	48774	61384	inf
{18} {24} {3,4}	[{18}, {24}, {3, 4}]	{pos_ADP} {pos_DET} {pos_NOUN,feats_Gender=Masc}	20898	19301	24291	48774	61384	inf
{18} {5} {4}	[{18}, {5}, {4}]	{pos_ADP} {feats_Number=Sing} {feats_Gender=Masc}	19191	17868	22487	48774	61384	inf
{18} {24,25,27} {5}	[{18}, {24, 25, 27}, {5}]	{pos_ADP} {pos_DET,feats_Definite=Def,feats_PronType=Art} {feats_Number=Sing}	23516	22040	27738	48774	61384	inf
{18} {5,24,27} {5}	[{18}, {24, 27, 5}, {5}]	{pos_ADP} {feats_Number=Sing,pos_DET,feats_PronType=Art} {feats_Number=Sing}	24485	23026	28979	48774	61384	inf
{18} {5,24} {3,5}	[{18}, {24, 5}, {3, 5}]	{pos_ADP} {feats_Number=Sing,pos_DET} {pos_NOUN,feats_Number=Sing}	23405	22024	27718	48774	61384	inf
{18} {5} {4,5}	[{18}, {5}, {4, 5}]	{pos_ADP} {feats_Number=Sing} {feats_Gender=Masc,feats_Number=Sing}	18995	17695	22270	48774	61384	inf
{18} {24} {26}	[{18}, {24}, {26}]	{pos_ADP} {pos_DET} {feats_Gender=Fem}	21368	19849	24981	48774	61384	inf
{5} {3,5} {18}	[{5}, {3, 5}, {18}]	{feats_Number=Sing} {pos_NOUN,feats_Number=Sing} {pos_ADP}	16666	15797	19881	48774	61384	inf
{18} {5,24} {5}	[{18}, {24, 5}, {5}]	{pos_ADP} {feats_Number=Sing,pos_DET} {feats_Number=Sing}	25083	23639	29751	48774	61384	inf
{17,18} {5} {5}	[{17, 18}, {5}, {5}]	{lemma_de,pos_ADP} {feats_Number=Sing} {feats_Number=Sing}	20400	19018	23935	48774	61384	inf
{18} {5,24,25,27} {5}	[{18}, {24, 25, 27, 5}, {5}]	{pos_ADP} {feats_Number=Sing,pos_DET,feats_Definite=Def,feats_PronType=Art} {feats_Number=Sing}	23508	22027	27722	48774	61384	inf
{24,27} {3} {105}	[{24, 27}, {3}, {105}]	{pos_DET,feats_PronType=Art} {pos_NOUN} {pos_PUNCT}	12198	9692	12198	48774	61384	inf
{3,4} {18} {5}	[{3, 4}, {18}, {5}]	{pos_NOUN,feats_Gender=Masc} {pos_ADP} {feats_Number=Sing}	14921	11856	14921	48774	61384	inf
{17,18,728,730} {24} {5}	[{728, 17, 18, 730}, {24}, {5}]	{lemma_de,pos_ADP,feats_de,wp_▁de} {pos_DET} {feats_Number=Sing}	17907	14229	17907	48774	61384	inf
{4} {18} {24}	[{4}, {18}, {24}]	{feats_Gender=Masc} {pos_ADP} {pos_DET}	14227	11305	14227	48774	61384	inf
{4} {18} {26}	[{4}, {18}, {26}]	{feats_Gender=Masc} {pos_ADP} {feats_Gender=Fem}	12833	10197	12833	48774	61384	inf
{24} {3,5} {18}	[{24}, {3, 5}, {18}]	{pos_DET} {pos_NOUN,feats_Number=Sing} {pos_ADP}	15679	12458	15679	48774	61384	inf
{18} {4} {4,5}	[{18}, {4}, {4, 5}]	{pos_ADP} {feats_Gender=Masc} {feats_Gender=Masc,feats_Number=Sing}	17217	13680	17217	48774	61384	inf
{5} {18} {5} {3,5}	[{5}, {18}, {5}, {3, 5}]	{feats_Number=Sing} {pos_ADP} {feats_Number=Sing} {pos_NOUN,feats_Number=Sing}	14122	11221	14122	48774	61384	inf
{4} {18} {5} {5}	[{4}, {18}, {5}, {5}]	{feats_Gender=Masc} {pos_ADP} {feats_Number=Sing} {feats_Number=Sing}	13353	10610	13353	48774	61384	inf
{17,18,730} {24,27} {3}	[{17, 18, 730}, {24, 27}, {3}]	{lemma_de,pos_ADP,wp_▁de} {pos_DET,feats_PronType=Art} {pos_NOUN}	19505	15498	19505	48774	61384	inf
{17,18,728,730} {24} {26}	[{728, 17, 18, 730}, {24}, {26}]	{lemma_de,pos_ADP,feats_de,wp_▁de} {pos_DET} {feats_Gender=Fem}	14333	11389	14333	48774	61384	inf
{17,18} {5,23,24,25,27} {5}	[{17, 18}, {5, 23, 24, 25, 27}, {5}]	{lemma_de,pos_ADP} {feats_Number=Sing,lemma_le,pos_DET,feats_Definite=Def,feats_PronType=Art} {feats_Number=Sing}	17409	13833	17409	48774	61384	inf
{4} {17,18} {5}	[{4}, {17, 18}, {5}]	{feats_Gender=Masc} {lemma_de,pos_ADP} {feats_Number=Sing}	13555	10771	13555	48774	61384	inf
{5,23,24,25,27} {3} {18}	[{5, 23, 24, 25, 27}, {3}, {18}]	{feats_Number=Sing,lemma_le,pos_DET,feats_Definite=Def,feats_PronType=Art} {pos_NOUN} {pos_ADP}	13555	10771	13555	48774	61384	inf
{23,24,25,27} {3,5} {18}	[{24, 25, 27, 23}, {3, 5}, {18}]	{lemma_le,pos_DET,feats_Definite=Def,feats_PronType=Art} {pos_NOUN,feats_Number=Sing} {pos_ADP}	13555	10771	13555	48774	61384	inf
{5} {18} {5,24,27} {3}	[{5}, {18}, {24, 27, 5}, {3}]	{feats_Number=Sing} {pos_ADP} {feats_Number=Sing,pos_DET,feats_PronType=Art} {pos_NOUN}	13166	10462	13166	48774	61384	inf
{5} {18} {24,27} {3,5}	[{5}, {18}, {24, 27}, {3, 5}]	{feats_Number=Sing} {pos_ADP} {pos_DET,feats_PronType=Art} {pos_NOUN,feats_Number=Sing}	13166	10462	13166	48774	61384	inf
{24,27} {3} {11}	[{24, 27}, {3}, {11}]	{pos_DET,feats_PronType=Art} {pos_NOUN} {pos_ADJ}	15857	12600	15857	48774	61384	inf
{18} {5,24} {4}	[{18}, {24, 5}, {4}]	{pos_ADP} {feats_Number=Sing,pos_DET} {feats_Gender=Masc}	18344	14576	18344	48774	61384	inf
{17,18,730} {23,24,25,27} {26}	[{17, 18, 730}, {24, 25, 27, 23}, {26}]	{lemma_de,pos_ADP,wp_▁de} {lemma_le,pos_DET,feats_Definite=Def,feats_PronType=Art} {feats_Gender=Fem}	13602	10808	13602	48774	61384	inf
{17} {24,27} {3}	[{17}, {24, 27}, {3}]	{lemma_de} {pos_DET,feats_PronType=Art} {pos_NOUN}	20390	18862	23739	48774	61384	inf
{24,92} {92} {92}	[{24, 92}, {92}, {92}]	{pos_DET,feats_Number=Plur} {feats_Number=Plur} {feats_Number=Plur}	13212	10498	13212	48774	61384	inf
{24} {3} {92}	[{24}, {3}, {92}]	{pos_DET} {pos_NOUN} {feats_Number=Plur}	12221	9711	12221	48774	61384	inf
{17,18} {23} {26}	[{17, 18}, {23}, {26}]	{lemma_de,pos_ADP} {lemma_le} {feats_Gender=Fem}	13665	10858	13665	48774	61384	inf
{17,18} {23,24,25,27} {26}	[{17, 18}, {24, 25, 27, 23}, {26}]	{lemma_de,pos_ADP} {lemma_le,pos_DET,feats_Definite=Def,feats_PronType=Art} {feats_Gender=Fem}	13664	10857	13664	48774	61384	inf
{5} {18} {24,27} {5}	[{5}, {18}, {24, 27}, {5}]	{feats_Number=Sing} {pos_ADP} {pos_DET,feats_PronType=Art} {feats_Number=Sing}	14442	11475	14442	48774	61384	inf
{17} {24,27} {26}	[{17}, {24, 27}, {26}]	{lemma_de} {pos_DET,feats_PronType=Art} {feats_Gender=Fem}	14442	11475	14442	48774	61384	inf
{24} {3} {17,18,728,730}	[{24}, {3}, {728, 17, 18, 730}]	{pos_DET} {pos_NOUN} {lemma_de,pos_ADP,feats_de,wp_▁de}	14629	11624	14629	48774	61384	inf
{24,27} {4} {4}	[{24, 27}, {4}, {4}]	{pos_DET,feats_PronType=Art} {feats_Gender=Masc} {feats_Gender=Masc}	12295	9769	12295	48774	61384	inf
{4} {5} {18}	[{4}, {5}, {18}]	{feats_Gender=Masc} {feats_Number=Sing} {pos_ADP}	12914	10261	12914	48774	61384	inf
{17,18,728,730} {5,23,24,25,27} {3}	[{728, 17, 18, 730}, {5, 23, 24, 25, 27}, {3}]	{lemma_de,pos_ADP,feats_de,wp_▁de} {feats_Number=Sing,lemma_le,pos_DET,feats_Definite=Def,feats_PronType=Art} {pos_NOUN}	14859	11807	14859	48774	61384	inf
{4} {4} {18}	[{4}, {4}, {18}]	{feats_Gender=Masc} {feats_Gender=Masc} {pos_ADP}	14094	11199	14094	48774	61384	inf
{24,27} {3} {17,18} {5}	[{24, 27}, {3}, {17, 18}, {5}]	{pos_DET,feats_PronType=Art} {pos_NOUN} {lemma_de,pos_ADP} {feats_Number=Sing}	13129	10432	13129	48774	61384	inf
{17,18,730} {5,24} {5}	[{17, 18, 730}, {24, 5}, {5}]	{lemma_de,pos_ADP,wp_▁de} {feats_Number=Sing,pos_DET} {feats_Number=Sing}	17936	14252	17936	48774	61384	inf
{24} {26} {18}	[{24}, {26}, {18}]	{pos_DET} {feats_Gender=Fem} {pos_ADP}	13322	10585	13322	48774	61384	inf
{17,18,728,730} {23,24,25,27} {3}	[{728, 17, 18, 730}, {24, 25, 27, 23}, {3}]	{lemma_de,pos_ADP,feats_de,wp_▁de} {lemma_le,pos_DET,feats_Definite=Def,feats_PronType=Art} {pos_NOUN}	19474	15474	19474	48774	61384	inf
{17,18,728,730} {5,24,27} {3}	[{728, 17, 18, 730}, {24, 27, 5}, {3}]	{lemma_de,pos_ADP,feats_de,wp_▁de} {feats_Number=Sing,pos_DET,feats_PronType=Art} {pos_NOUN}	14860	11807	14860	48774	61384	inf
{5} {18} {23,24,25,27}	[{5}, {18}, {24, 25, 27, 23}]	{feats_Number=Sing} {pos_ADP} {lemma_le,pos_DET,feats_Definite=Def,feats_PronType=Art}	14489	11513	14489	48774	61384	inf
{24} {5} {17,18}	[{24}, {5}, {17, 18}]	{pos_DET} {feats_Number=Sing} {lemma_de,pos_ADP}	12961	10299	12961	48774	61384	inf
{5,24} {3} {17,18}	[{24, 5}, {3}, {17, 18}]	{feats_Number=Sing,pos_DET} {pos_NOUN} {lemma_de,pos_ADP}	12823	10189	12823	48774	61384	inf
{17,18,730} {5,24,27} {3,5}	[{17, 18, 730}, {24, 27, 5}, {3, 5}]	{lemma_de,pos_ADP,wp_▁de} {feats_Number=Sing,pos_DET,feats_PronType=Art} {pos_NOUN,feats_Number=Sing}	14894	11835	14894	48774	61384	inf
{17} {23,24,25,27} {3}	[{17}, {24, 25, 27, 23}, {3}]	{lemma_de} {lemma_le,pos_DET,feats_Definite=Def,feats_PronType=Art} {pos_NOUN}	19571	15551	19571	48774	61384	inf
{18} {4,5,23,24,25,27,43,44} {4}	[{18}, {4, 5, 43, 44, 23, 24, 25, 27}, {4}]	{pos_ADP} {feats_Gender=Masc,feats_Number=Sing,lemma_le,pos_DET,feats_Definite=Def,feats_PronType=Art,dep_le,wp_▁le} {feats_Gender=Masc}	12243	9728	12243	48774	61384	inf
{17,18,730} {5,24} {3}	[{17, 18, 730}, {24, 5}, {3}]	{lemma_de,pos_ADP,wp_▁de} {feats_Number=Sing,pos_DET} {pos_NOUN}	15572	12373	15572	48774	61384	inf
{24,25,27} {5} {18}	[{24, 25, 27}, {5}, {18}]	{pos_DET,feats_Definite=Def,feats_PronType=Art} {feats_Number=Sing} {pos_ADP}	14034	11151	14034	48774	61384	inf
{24,27} {3,5} {17,18}	[{24, 27}, {3, 5}, {17, 18}]	{pos_DET,feats_PronType=Art} {pos_NOUN,feats_Number=Sing} {lemma_de,pos_ADP}	12496	9929	12496	48774	61384	inf
{24,27} {5} {18}	[{24, 27}, {5}, {18}]	{pos_DET,feats_PronType=Art} {feats_Number=Sing} {pos_ADP}	15505	12320	15505	48774	61384	inf
{3} {18} {5,24} {3,5}	[{3}, {18}, {24, 5}, {3, 5}]	{pos_NOUN} {pos_ADP} {feats_Number=Sing,pos_DET} {pos_NOUN,feats_Number=Sing}	13560	10775	13560	48774	61384	inf
{18} {23,24,25,27} {5,26}	[{18}, {24, 25, 27, 23}, {26, 5}]	{pos_ADP} {lemma_le,pos_DET,feats_Definite=Def,feats_PronType=Art} {feats_Number=Sing,feats_Gender=Fem}	15670	12451	15670	48774	61384	inf
{730} {5,23,24,25,27} {3}	[{730}, {5, 23, 24, 25, 27}, {3}]	{wp_▁de} {feats_Number=Sing,lemma_le,pos_DET,feats_Definite=Def,feats_PronType=Art} {pos_NOUN}	14901	11840	14901	48774	61384	inf
{24} {3} {105}	[{24}, {3}, {105}]	{pos_DET} {pos_NOUN} {pos_PUNCT}	14132	11229	14132	48774	61384	inf
{17,18} {23,24,25,27} {3}	[{17, 18}, {24, 25, 27, 23}, {3}]	{lemma_de,pos_ADP} {lemma_le,pos_DET,feats_Definite=Def,feats_PronType=Art} {pos_NOUN}	19569	15549	19569	48774	61384	inf
{24,25,27} {3} {17,18,728,730}	[{24, 25, 27}, {3}, {728, 17, 18, 730}]	{pos_DET,feats_Definite=Def,feats_PronType=Art} {pos_NOUN} {lemma_de,pos_ADP,feats_de,wp_▁de}	12582	9997	12582	48774	61384	inf
{18} {4,5,24,27} {3,4,5}	[{18}, {24, 27, 4, 5}, {3, 4, 5}]	{pos_ADP} {feats_Gender=Masc,feats_Number=Sing,pos_DET,feats_PronType=Art} {pos_NOUN,feats_Gender=Masc,feats_Number=Sing}	13951	11085	13951	48774	61384	inf
{24,25,27} {3} {17,18}	[{24, 25, 27}, {3}, {17, 18}]	{pos_DET,feats_Definite=Def,feats_PronType=Art} {pos_NOUN} {lemma_de,pos_ADP}	14720	11696	14720	48774	61384	inf
{18} {4,24} {5}	[{18}, {24, 4}, {5}]	{pos_ADP} {feats_Gender=Masc,pos_DET} {feats_Number=Sing}	16620	13206	16620	48774	61384	inf
{5} {18} {24} {26}	[{5}, {18}, {24}, {26}]	{feats_Number=Sing} {pos_ADP} {pos_DET} {feats_Gender=Fem}	12775	10151	12775	48774	61384	inf
{4,5} {18} {5}	[{4, 5}, {18}, {5}]	{feats_Gender=Masc,feats_Number=Sing} {pos_ADP} {feats_Number=Sing}	13012	10339	13012	48774	61384	inf
{24,27} {3} {17,18,728,730}	[{24, 27}, {3}, {728, 17, 18, 730}]	{pos_DET,feats_PronType=Art} {pos_NOUN} {lemma_de,pos_ADP,feats_de,wp_▁de}	14188	11274	14188	48774	61384	inf
{17,18} {23,24,25,27} {3,4}	[{17, 18}, {24, 25, 27, 23}, {3, 4}]	{lemma_de,pos_ADP} {lemma_le,pos_DET,feats_Definite=Def,feats_PronType=Art} {pos_NOUN,feats_Gender=Masc}	12823	10189	12823	48774	61384	inf
{5} {18} {5} {5,26}	[{5}, {18}, {5}, {26, 5}]	{feats_Number=Sing} {pos_ADP} {feats_Number=Sing} {feats_Number=Sing,feats_Gender=Fem}	12255	9738	12255	48774	61384	inf
{24} {4} {4}	[{24}, {4}, {4}]	{pos_DET} {feats_Gender=Masc} {feats_Gender=Masc}	12877	10232	12877	48774	61384	inf
{4} {4} {105}	[{4}, {4}, {105}]	{feats_Gender=Masc} {feats_Gender=Masc} {pos_PUNCT}	13266	10541	13266	48774	61384	inf
{17,18,728,730,878} {23,24,25,27} {4}	[{878, 17, 18, 728, 730}, {24, 25, 27, 23}, {4}]	{lemma_de,pos_ADP,feats_de,wp_▁de,dep_de} {lemma_le,pos_DET,feats_Definite=Def,feats_PronType=Art} {feats_Gender=Masc}	13655	10850	13655	48774	61384	inf
{24,27} {26} {26}	[{24, 27}, {26}, {26}]	{pos_DET,feats_PronType=Art} {feats_Gender=Fem} {feats_Gender=Fem}	13025	10349	13025	48774	61384	inf
{17} {24,27} {3,26}	[{17}, {24, 27}, {26, 3}]	{lemma_de} {pos_DET,feats_PronType=Art} {pos_NOUN,feats_Gender=Fem}	13794	10960	13794	48774	61384	inf
{24} {3} {26}	[{24}, {3}, {26}]	{pos_DET} {pos_NOUN} {feats_Gender=Fem}	12256	9738	12256	48774	61384	inf
{17,18} {23,24,25,27} {3,5}	[{17, 18}, {24, 25, 27, 23}, {3, 5}]	{lemma_de,pos_ADP} {lemma_le,pos_DET,feats_Definite=Def,feats_PronType=Art} {pos_NOUN,feats_Number=Sing}	14970	11895	14970	48774	61384	inf
{18} {92} {4}	[{18}, {92}, {4}]	{pos_ADP} {feats_Number=Plur} {feats_Gender=Masc}	12663	10062	12663	48774	61384	inf
{18} {23,24,25,27} {3} {18}	[{18}, {24, 25, 27, 23}, {3}, {18}]	{pos_ADP} {lemma_le,pos_DET,feats_Definite=Def,feats_PronType=Art} {pos_NOUN} {pos_ADP}	13061	10378	13061	48774	61384	inf
{17,18} {24,27} {3,5}	[{17, 18}, {24, 27}, {3, 5}]	{lemma_de,pos_ADP} {pos_DET,feats_PronType=Art} {pos_NOUN,feats_Number=Sing}	16137	12822	16137	48774	61384	inf
{18} {4,5,24,27} {5}	[{18}, {24, 27, 4, 5}, {5}]	{pos_ADP} {feats_Gender=Masc,feats_Number=Sing,pos_DET,feats_PronType=Art} {feats_Number=Sing}	16137	12822	16137	48774	61384	inf
{18} {4,5,24,25,27} {3}	[{18}, {4, 5, 24, 25, 27}, {3}]	{pos_ADP} {feats_Gender=Masc,feats_Number=Sing,pos_DET,feats_Definite=Def,feats_PronType=Art} {pos_NOUN}	12734	10118	12734	48774	61384	inf
{5} {26} {18}	[{5}, {26}, {18}]	{feats_Number=Sing} {feats_Gender=Fem} {pos_ADP}	13422	10665	13422	48774	61384	inf
{18} {5,24,27} {3,4,5}	[{18}, {24, 27, 5}, {3, 4, 5}]	{pos_ADP} {feats_Number=Sing,pos_DET,feats_PronType=Art} {pos_NOUN,feats_Gender=Masc,feats_Number=Sing}	15729	12498	15729	48774	61384	inf
{24,27} {3} {17,18,730}	[{24, 27}, {3}, {17, 18, 730}]	{pos_DET,feats_PronType=Art} {pos_NOUN} {lemma_de,pos_ADP,wp_▁de}	14200	11283	14200	48774	61384	inf
{18} {24,27} {3,5,26}	[{18}, {24, 27}, {26, 3, 5}]	{pos_ADP} {pos_DET,feats_PronType=Art} {pos_NOUN,feats_Number=Sing,feats_Gender=Fem}	16033	12740	16033	48774	61384	inf
{17,18} {24} {3,26}	[{17, 18}, {24}, {26, 3}]	{lemma_de,pos_ADP} {pos_DET} {pos_NOUN,feats_Gender=Fem}	14495	11517	14495	48774	61384	inf
{18} {4,5} {3,5}	[{18}, {4, 5}, {3, 5}]	{pos_ADP} {feats_Gender=Masc,feats_Number=Sing} {pos_NOUN,feats_Number=Sing}	14625	11621	14625	48774	61384	inf
{5} {18} {5,24,27}	[{5}, {18}, {24, 27, 5}]	{feats_Number=Sing} {pos_ADP} {feats_Number=Sing,pos_DET,feats_PronType=Art}	14551	11562	14551	48774	61384	inf
{18} {4,5,24,27} {3}	[{18}, {24, 27, 4, 5}, {3}]	{pos_ADP} {feats_Gender=Masc,feats_Number=Sing,pos_DET,feats_PronType=Art} {pos_NOUN}	13969	11100	13969	48774	61384	inf
{17,18,728,730} {24,27} {5}	[{728, 17, 18, 730}, {24, 27}, {5}]	{lemma_de,pos_ADP,feats_de,wp_▁de} {pos_DET,feats_PronType=Art} {feats_Number=Sing}	17294	13741	17294	48774	61384	inf
{24,27} {3,26} {18}	[{24, 27}, {26, 3}, {18}]	{pos_DET,feats_PronType=Art} {pos_NOUN,feats_Gender=Fem} {pos_ADP}	12527	9954	12527	48774	61384	inf
{730} {23,24,25,27} {5}	[{730}, {24, 25, 27, 23}, {5}]	{wp_▁de} {lemma_le,pos_DET,feats_Definite=Def,feats_PronType=Art} {feats_Number=Sing}	17337	13776	17337	48774	61384	inf
{18} {44} {3}	[{18}, {44}, {3}]	{pos_ADP} {wp_▁le} {pos_NOUN}	12723	10110	12723	48774	61384	inf
{18} {23,24,25,27} {3,5,26}	[{18}, {24, 25, 27, 23}, {26, 3, 5}]	{pos_ADP} {lemma_le,pos_DET,feats_Definite=Def,feats_PronType=Art} {pos_NOUN,feats_Number=Sing,feats_Gender=Fem}	15030	11943	15030	48774	61384	inf
{730} {24} {3}	[{730}, {24}, {3}]	{wp_▁de} {pos_DET} {pos_NOUN}	20449	18808	23671	48774	61384	inf
{17,18,728,730} {24,27} {3,4}	[{728, 17, 18, 730}, {24, 27}, {3, 4}]	{lemma_de,pos_ADP,feats_de,wp_▁de} {pos_DET,feats_PronType=Art} {pos_NOUN,feats_Gender=Masc}	12767	10144	12767	48774	61384	inf
{3,5} {17,18} {5}	[{3, 5}, {17, 18}, {5}]	{pos_NOUN,feats_Number=Sing} {lemma_de,pos_ADP} {feats_Number=Sing}	13536	10755	13536	48774	61384	inf
{17,18,730} {5} {5}	[{17, 18, 730}, {5}, {5}]	{lemma_de,pos_ADP,wp_▁de} {feats_Number=Sing} {feats_Number=Sing}	18991	15090	18991	48774	61384	inf
{3,5} {18} {24}	[{3, 5}, {18}, {24}]	{pos_NOUN,feats_Number=Sing} {pos_ADP} {pos_DET}	13608	10813	13608	48774	61384	inf
{3} {18} {24}	[{3}, {18}, {24}]	{pos_NOUN} {pos_ADP} {pos_DET}	17046	13544	17046	48774	61384	inf
{17,18,728,730} {24,27} {3,26}	[{728, 17, 18, 730}, {24, 27}, {26, 3}]	{lemma_de,pos_ADP,feats_de,wp_▁de} {pos_DET,feats_PronType=Art} {pos_NOUN,feats_Gender=Fem}	13029	10353	13029	48774	61384	inf
{17,18,730} {5} {3}	[{17, 18, 730}, {5}, {3}]	{lemma_de,pos_ADP,wp_▁de} {feats_Number=Sing} {pos_NOUN}	15752	12516	15752	48774	61384	inf
{17,18,728,730} {23,24,25,27} {26}	[{728, 17, 18, 730}, {24, 25, 27, 23}, {26}]	{lemma_de,pos_ADP,feats_de,wp_▁de} {lemma_le,pos_DET,feats_Definite=Def,feats_PronType=Art} {feats_Gender=Fem}	13582	10792	13582	48774	61384	inf
{24} {3} {5}	[{24}, {3}, {5}]	{pos_DET} {pos_NOUN} {feats_Number=Sing}	14738	11711	14738	48774	61384	inf
{24} {5} {18}	[{24}, {5}, {18}]	{pos_DET} {feats_Number=Sing} {pos_ADP}	16089	12784	16089	48774	61384	inf
{24} {5} {18} {5}	[{24}, {5}, {18}, {5}]	{pos_DET} {feats_Number=Sing} {pos_ADP} {feats_Number=Sing}	12231	9719	12231	48774	61384	inf
{5} {5} {11}	[{5}, {5}, {11}]	{feats_Number=Sing} {feats_Number=Sing} {pos_ADJ}	12661	10060	12661	48774	61384	inf
{5,24} {3} {18}	[{24, 5}, {3}, {18}]	{feats_Number=Sing,pos_DET} {pos_NOUN} {pos_ADP}	15672	12453	15672	48774	61384	inf
{18} {24,25,27} {5,26}	[{18}, {24, 25, 27}, {26, 5}]	{pos_ADP} {pos_DET,feats_Definite=Def,feats_PronType=Art} {feats_Number=Sing,feats_Gender=Fem}	15672	12453	15672	48774	61384	inf
{24,25,27} {3} {730}	[{24, 25, 27}, {3}, {730}]	{pos_DET,feats_Definite=Def,feats_PronType=Art} {pos_NOUN} {wp_▁de}	12596	10009	12596	48774	61384	inf
{18} {24,27} {3} {18}	[{18}, {24, 27}, {3}, {18}]	{pos_ADP} {pos_DET,feats_PronType=Art} {pos_NOUN} {pos_ADP}	14134	11231	14134	48774	61384	inf
{5,24} {5} {17,18}	[{24, 5}, {5}, {17, 18}]	{feats_Number=Sing,pos_DET} {feats_Number=Sing} {lemma_de,pos_ADP}	12949	10289	12949	48774	61384	inf
{5,24,25,27} {5} {5}	[{24, 25, 27, 5}, {5}, {5}]	{feats_Number=Sing,pos_DET,feats_Definite=Def,feats_PronType=Art} {feats_Number=Sing} {feats_Number=Sing}	13338	10598	13338	48774	61384	inf
{17,18,728,730} {23,24,25,27} {3,4}	[{728, 17, 18, 730}, {24, 25, 27, 23}, {3, 4}]	{lemma_de,pos_ADP,feats_de,wp_▁de} {lemma_le,pos_DET,feats_Definite=Def,feats_PronType=Art} {pos_NOUN,feats_Gender=Masc}	12765	10143	12765	48774	61384	inf
{17} {24} {3}	[{17}, {24}, {3}]	{lemma_de} {pos_DET} {pos_NOUN}	21257	19709	24805	48774	61384	inf
{17,18,730} {24,27} {3,4}	[{17, 18, 730}, {24, 27}, {3, 4}]	{lemma_de,pos_ADP,wp_▁de} {pos_DET,feats_PronType=Art} {pos_NOUN,feats_Gender=Masc}	12798	10169	12798	48774	61384	inf
{3} {18} {5,24,27} {3,5}	[{3}, {18}, {24, 27, 5}, {3, 5}]	{pos_NOUN} {pos_ADP} {feats_Number=Sing,pos_DET,feats_PronType=Art} {pos_NOUN,feats_Number=Sing}	12842	10204	12842	48774	61384	inf
{17,18,728,730} {5,24} {3,5}	[{728, 17, 18, 730}, {24, 5}, {3, 5}]	{lemma_de,pos_ADP,feats_de,wp_▁de} {feats_Number=Sing,pos_DET} {pos_NOUN,feats_Number=Sing}	15530	12340	15530	48774	61384	inf
{17,18} {24} {26}	[{17, 18}, {24}, {26}]	{lemma_de,pos_ADP} {pos_DET} {feats_Gender=Fem}	15144	12033	15144	48774	61384	inf
{730} {23,24,25,27} {26}	[{730}, {24, 25, 27, 23}, {26}]	{wp_▁de} {lemma_le,pos_DET,feats_Definite=Def,feats_PronType=Art} {feats_Gender=Fem}	13606	10811	13606	48774	61384	inf
{17,18} {5,24,27} {3,5}	[{17, 18}, {24, 27, 5}, {3, 5}]	{lemma_de,pos_ADP} {feats_Number=Sing,pos_DET,feats_PronType=Art} {pos_NOUN,feats_Number=Sing}	16135	12821	16135	48774	61384	inf
{17,18} {5,23,24,25,27} {3,5}	[{17, 18}, {5, 23, 24, 25, 27}, {3, 5}]	{lemma_de,pos_ADP} {feats_Number=Sing,lemma_le,pos_DET,feats_Definite=Def,feats_PronType=Art} {pos_NOUN,feats_Number=Sing}	14968	11893	14968	48774	61384	inf
{3} {18} {3,5}	[{3}, {18}, {3, 5}]	{pos_NOUN} {pos_ADP} {pos_NOUN,feats_Number=Sing}	13971	11101	13971	48774	61384	inf
{17,18,730} {24} {3,26}	[{17, 18, 730}, {24}, {26, 3}]	{lemma_de,pos_ADP,wp_▁de} {pos_DET} {pos_NOUN,feats_Gender=Fem}	13787	10955	13787	48774	61384	inf
{5} {18} {24,25,27} {5}	[{5}, {18}, {24, 25, 27}, {5}]	{feats_Number=Sing} {pos_ADP} {pos_DET,feats_Definite=Def,feats_PronType=Art} {feats_Number=Sing}	13087	10399	13087	48774	61384	inf
{24} {3,26} {18}	[{24}, {26, 3}, {18}]	{pos_DET} {pos_NOUN,feats_Gender=Fem} {pos_ADP}	13230	10512	13230	48774	61384	inf
{17,18,728,730} {5,24,27} {3,5}	[{728, 17, 18, 730}, {24, 27, 5}, {3, 5}]	{lemma_de,pos_ADP,feats_de,wp_▁de} {feats_Number=Sing,pos_DET,feats_PronType=Art} {pos_NOUN,feats_Number=Sing}	14854	11803	14854	48774	61384	inf
{17,18} {24} {3,4}	[{17, 18}, {24}, {3, 4}]	{lemma_de,pos_ADP} {pos_DET} {pos_NOUN,feats_Gender=Masc}	14465	11494	14465	48774	61384	inf
{18} {24} {4,5}	[{18}, {24}, {4, 5}]	{pos_ADP} {pos_DET} {feats_Gender=Masc,feats_Number=Sing}	18355	14584	18355	48774	61384	inf
{24,27} {3} {18} {5}	[{24, 27}, {3}, {18}, {5}]	{pos_DET,feats_PronType=Art} {pos_NOUN} {pos_ADP} {feats_Number=Sing}	15438	12267	15438	48774	61384	inf
{18} {4,5,23,24,25,27,43,44} {5}	[{18}, {4, 5, 43, 44, 23, 24, 25, 27}, {5}]	{pos_ADP} {feats_Gender=Masc,feats_Number=Sing,lemma_le,pos_DET,feats_Definite=Def,feats_PronType=Art,dep_le,wp_▁le} {feats_Number=Sing}	12326	9794	12326	48774	61384	inf
{18} {4} {3,5}	[{18}, {4}, {3, 5}]	{pos_ADP} {feats_Gender=Masc} {pos_NOUN,feats_Number=Sing}	14633	11627	14633	48774	61384	inf
{17,18,728,730} {5,24} {5}	[{728, 17, 18, 730}, {24, 5}, {5}]	{lemma_de,pos_ADP,feats_de,wp_▁de} {feats_Number=Sing,pos_DET} {feats_Number=Sing}	17897	14221	17897	48774	61384	inf
{17,18} {24,27} {3,26}	[{17, 18}, {24, 27}, {26, 3}]	{lemma_de,pos_ADP} {pos_DET,feats_PronType=Art} {pos_NOUN,feats_Gender=Fem}	13792	10959	13792	48774	61384	inf
{18} {5,24,27} {4,5}	[{18}, {24, 27, 5}, {4, 5}]	{pos_ADP} {feats_Number=Sing,pos_DET,feats_PronType=Art} {feats_Gender=Masc,feats_Number=Sing}	17637	14014	17637	48774	61384	inf
{17,18,728,730} {23,24,25,27} {5}	[{728, 17, 18, 730}, {24, 25, 27, 23}, {5}]	{lemma_de,pos_ADP,feats_de,wp_▁de} {lemma_le,pos_DET,feats_Definite=Def,feats_PronType=Art} {feats_Number=Sing}	17293	13741	17293	48774	61384	inf
{5,24,27} {5} {17}	[{24, 27, 5}, {5}, {17}]	{feats_Number=Sing,pos_DET,feats_PronType=Art} {feats_Number=Sing} {lemma_de}	12621	10028	12621	48774	61384	inf
{24,27} {26} {18}	[{24, 27}, {26}, {18}]	{pos_DET,feats_PronType=Art} {feats_Gender=Fem} {pos_ADP}	12621	10028	12621	48774	61384	inf
{18} {4} {4}	[{18}, {4}, {4}]	{pos_ADP} {feats_Gender=Masc} {feats_Gender=Masc}	18004	14306	18004	48774	61384	inf
{18} {5} {3,4,5}	[{18}, {5}, {3, 4, 5}]	{pos_ADP} {feats_Number=Sing} {pos_NOUN,feats_Gender=Masc,feats_Number=Sing}	16642	13223	16642	48774	61384	inf
{5} {18} {23} {5}	[{5}, {18}, {23}, {5}]	{feats_Number=Sing} {pos_ADP} {lemma_le} {feats_Number=Sing}	13087	10399	13087	48774	61384	inf
{17,18,728,730} {5,24} {3}	[{728, 17, 18, 730}, {24, 5}, {3}]	{lemma_de,pos_ADP,feats_de,wp_▁de} {feats_Number=Sing,pos_DET} {pos_NOUN}	15537	12345	15537	48774	61384	inf
{24,27} {3} {730}	[{24, 27}, {3}, {730}]	{pos_DET,feats_PronType=Art} {pos_NOUN} {wp_▁de}	14207	11289	14207	48774	61384	inf
{17,18} {4} {4}	[{17, 18}, {4}, {4}]	{lemma_de,pos_ADP} {feats_Gender=Masc} {feats_Gender=Masc}	12249	9733	12249	48774	61384	inf
{17,18,728,730} {5,24,27} {5}	[{728, 17, 18, 730}, {24, 27, 5}, {5}]	{lemma_de,pos_ADP,feats_de,wp_▁de} {feats_Number=Sing,pos_DET,feats_PronType=Art} {feats_Number=Sing}	17283	13733	17283	48774	61384	inf
{17,18,730} {5,23,24,25,27} {5}	[{17, 18, 730}, {5, 23, 24, 25, 27}, {5}]	{lemma_de,pos_ADP,wp_▁de} {feats_Number=Sing,lemma_le,pos_DET,feats_Definite=Def,feats_PronType=Art} {feats_Number=Sing}	17324	13765	17324	48774	61384	inf
{5,24,27} {5} {17,18}	[{24, 27, 5}, {5}, {17, 18}]	{feats_Number=Sing,pos_DET,feats_PronType=Art} {feats_Number=Sing} {lemma_de,pos_ADP}	12620	10028	12620	48774	61384	inf
{18} {4,5,24} {3,4}	[{18}, {24, 4, 5}, {3, 4}]	{pos_ADP} {feats_Gender=Masc,feats_Number=Sing,pos_DET} {pos_NOUN,feats_Gender=Masc}	14479	11505	14479	48774	61384	inf
{4} {18} {24,27}	[{4}, {18}, {24, 27}]	{feats_Gender=Masc} {pos_ADP} {pos_DET,feats_PronType=Art}	13068	10384	13068	48774	61384	inf
{24,25,27} {3} {18}	[{24, 25, 27}, {3}, {18}]	{pos_DET,feats_Definite=Def,feats_PronType=Art} {pos_NOUN} {pos_ADP}	17347	13784	17347	48774	61384	inf
{18} {4,5,23,24,25,27} {3}	[{18}, {4, 5, 23, 24, 25, 27}, {3}]	{pos_ADP} {feats_Gender=Masc,feats_Number=Sing,lemma_le,pos_DET,feats_Definite=Def,feats_PronType=Art} {pos_NOUN}	12733	10117	12733	48774	61384	inf
{17,18,728,730} {24} {3,26}	[{728, 17, 18, 730}, {24}, {26, 3}]	{lemma_de,pos_ADP,feats_de,wp_▁de} {pos_DET} {pos_NOUN,feats_Gender=Fem}	13766	10938	13766	48774	61384	inf
{3} {18} {5,24,27} {5}	[{3}, {18}, {24, 27, 5}, {5}]	{pos_NOUN} {pos_ADP} {feats_Number=Sing,pos_DET,feats_PronType=Art} {feats_Number=Sing}	14155	11247	14155	48774	61384	inf
{18} {44} {5}	[{18}, {44}, {5}]	{pos_ADP} {wp_▁le} {feats_Number=Sing}	14924	11858	14924	48774	61384	inf
{24} {3} {11}	[{24}, {3}, {11}]	{pos_DET} {pos_NOUN} {pos_ADJ}	16468	13085	16468	48774	61384	inf
{23,24,25,27} {3} {17,18,728,730}	[{24, 25, 27, 23}, {3}, {728, 17, 18, 730}]	{lemma_le,pos_DET,feats_Definite=Def,feats_PronType=Art} {pos_NOUN} {lemma_de,pos_ADP,feats_de,wp_▁de}	12578	9994	12578	48774	61384	inf
{18} {4,5,23,24,25,27} {4}	[{18}, {4, 5, 23, 24, 25, 27}, {4}]	{pos_ADP} {feats_Gender=Masc,feats_Number=Sing,lemma_le,pos_DET,feats_Definite=Def,feats_PronType=Art} {feats_Gender=Masc}	14885	11827	14885	48774	61384	inf
{18} {4,5} {4,5}	[{18}, {4, 5}, {4, 5}]	{pos_ADP} {feats_Gender=Masc,feats_Number=Sing} {feats_Gender=Masc,feats_Number=Sing}	17192	13660	17192	48774	61384	inf
{17,18,728,730} {5} {3,5}	[{728, 17, 18, 730}, {5}, {3, 5}]	{lemma_de,pos_ADP,feats_de,wp_▁de} {feats_Number=Sing} {pos_NOUN,feats_Number=Sing}	15682	12461	15682	48774	61384	inf
{18} {5,24} {3,4,5}	[{18}, {24, 5}, {3, 4, 5}]	{pos_ADP} {feats_Number=Sing,pos_DET} {pos_NOUN,feats_Gender=Masc,feats_Number=Sing}	16469	13086	16469	48774	61384	inf
{17,18} {24,27} {3}	[{17, 18}, {24, 27}, {3}]	{lemma_de,pos_ADP} {pos_DET,feats_PronType=Art} {pos_NOUN}	20388	18861	23737	48774	61384	11.844640189960415
