	motifs_int	motifs_str	GR	freq_1	freq_2
247	[{17}, {24, 25, 27, 23}, {3}]	{lemma_de} {lemma_le,pos_DET,feats_Definite=Def,feats_PronType=Art} {pos_NOUN}	19571.0	0.4012588674293681	0
258	[{17, 18}, {24, 25, 27, 23}, {3}]	{lemma_de,pos_ADP} {lemma_le,pos_DET,feats_Definite=Def,feats_PronType=Art} {pos_NOUN}	19569.0	0.40121786197564274	0
333	[{730}, {24, 27}, {3}]	{wp_▁de} {pos_DET,feats_PronType=Art} {pos_NOUN}	19507.0	0.39994669291015705	0
409	[{730}, {24, 25, 27, 23}, {3}]	{wp_▁de} {lemma_le,pos_DET,feats_Definite=Def,feats_PronType=Art} {pos_NOUN}	19506.0	0.3999261901832944	0
213	[{17, 18, 730}, {24, 27}, {3}]	{lemma_de,pos_ADP,wp_▁de} {pos_DET,feats_PronType=Art} {pos_NOUN}	19505.0	0.3999056874564317	0
62	[{17, 18, 730}, {24, 25, 27, 23}, {3}]	{lemma_de,pos_ADP,wp_▁de} {lemma_le,pos_DET,feats_Definite=Def,feats_PronType=Art} {pos_NOUN}	19504.0	0.399885184729569	0
512	[{728, 17, 18, 730}, {24, 27}, {3}]	{lemma_de,pos_ADP,feats_de,wp_▁de} {pos_DET,feats_PronType=Art} {pos_NOUN}	19475.0	0.3992906056505515	0
200	[{728, 17, 18, 730}, {24, 25, 27, 23}, {3}]	{lemma_de,pos_ADP,feats_de,wp_▁de} {lemma_le,pos_DET,feats_Definite=Def,feats_PronType=Art} {pos_NOUN}	19474.0	0.39927010292368886	0
310	[{5}, {5}, {105}]	{feats_Number=Sing} {feats_Number=Sing} {pos_PUNCT}	19277.0	0.3952310657317423	0
563	[{18}, {92}, {92}]	{pos_ADP} {feats_Number=Plur} {feats_Number=Plur}	19219.0	0.39404190757370733	0
396	[{730}, {5}, {5}]	{wp_▁de} {feats_Number=Sing} {feats_Number=Sing}	19002.0	0.38959281584450733	0
134	[{17, 18, 730}, {5}, {5}]	{lemma_de,pos_ADP,wp_▁de} {feats_Number=Sing} {feats_Number=Sing}	18991.0	0.3893672858490179	0
408	[{728, 17, 18, 730}, {5}, {5}]	{lemma_de,pos_ADP,feats_de,wp_▁de} {feats_Number=Sing} {feats_Number=Sing}	18954.0	0.38860868495509904	0
522	[{18}, {24, 25, 27}, {3, 4}]	{pos_ADP} {pos_DET,feats_Definite=Def,feats_PronType=Art} {pos_NOUN,feats_Gender=Masc}	18698.0	0.3833599868782548	0
514	[{18}, {24, 25, 27, 23}, {3, 4}]	{pos_ADP} {lemma_le,pos_DET,feats_Definite=Def,feats_PronType=Art} {pos_NOUN,feats_Gender=Masc}	18697.0	0.38333948415139213	0
487	[{18}, {24, 25, 27}, {26, 3}]	{pos_ADP} {pos_DET,feats_Definite=Def,feats_PronType=Art} {pos_NOUN,feats_Gender=Fem}	18593.0	0.38120720055767415	0
455	[{18}, {24, 25, 27, 23}, {26, 3}]	{pos_ADP} {lemma_le,pos_DET,feats_Definite=Def,feats_PronType=Art} {pos_NOUN,feats_Gender=Fem}	18591.0	0.38116619510394883	0
21	[{17, 18}, {24, 27}, {5}]	{lemma_de,pos_ADP} {pos_DET,feats_PronType=Art} {feats_Number=Sing}	18535.0	0.38001804239963916	0
5	[{17, 18}, {24, 27, 5}, {5}]	{lemma_de,pos_ADP} {feats_Number=Sing,pos_DET,feats_PronType=Art} {feats_Number=Sing}	18524.0	0.37979251240414974	0
167	[{18}, {24}, {4, 5}]	{pos_ADP} {pos_DET} {feats_Gender=Masc,feats_Number=Sing}	18355.0	0.37632755156435804	0
223	[{18}, {24, 5}, {4}]	{pos_ADP} {feats_Number=Sing,pos_DET} {feats_Gender=Masc}	18344.0	0.3761020215688687	0
541	[{18}, {24, 5}, {4, 5}]	{pos_ADP} {feats_Number=Sing,pos_DET} {feats_Gender=Masc,feats_Number=Sing}	18329.0	0.3757944806659286	0
178	[{18}, {4}, {4}]	{pos_ADP} {feats_Gender=Masc} {feats_Gender=Masc}	18004.0	0.3691310944355599	0
64	[{730}, {24}, {5}]	{wp_▁de} {pos_DET} {feats_Number=Sing}	17948.0	0.36798294173125023	0
73	[{17, 18, 730}, {24}, {5}]	{lemma_de,pos_ADP,wp_▁de} {pos_DET} {feats_Number=Sing}	17946.0	0.3679419362775249	0
371	[{730}, {24, 5}, {5}]	{wp_▁de} {feats_Number=Sing,pos_DET} {feats_Number=Sing}	17938.0	0.36777791446262353	0
198	[{17, 18, 730}, {24, 5}, {5}]	{lemma_de,pos_ADP,wp_▁de} {feats_Number=Sing,pos_DET} {feats_Number=Sing}	17936.0	0.36773690900889816	0
103	[{728, 17, 18, 730}, {24}, {5}]	{lemma_de,pos_ADP,feats_de,wp_▁de} {pos_DET} {feats_Number=Sing}	17907.0	0.36714232992988066	0
171	[{728, 17, 18, 730}, {24, 5}, {5}]	{lemma_de,pos_ADP,feats_de,wp_▁de} {feats_Number=Sing,pos_DET} {feats_Number=Sing}	17897.0	0.36693730266125396	0
579	[{18}, {24, 27}, {4, 5}]	{pos_ADP} {pos_DET,feats_PronType=Art} {feats_Gender=Masc,feats_Number=Sing}	17662.0	0.36211916184852583	0
481	[{18}, {24, 27, 5}, {4}]	{pos_ADP} {feats_Number=Sing,pos_DET,feats_PronType=Art} {feats_Gender=Masc}	17653.0	0.3619346373067618	0
174	[{18}, {24, 27, 5}, {4, 5}]	{pos_ADP} {feats_Number=Sing,pos_DET,feats_PronType=Art} {feats_Gender=Masc,feats_Number=Sing}	17637.0	0.361606593676959	0
519	[{18}, {4}, {5}]	{pos_ADP} {feats_Gender=Masc} {feats_Number=Sing}	17547.0	0.3597613482593185	0
56	[{5}, {18}, {24}]	{feats_Number=Sing} {pos_ADP} {pos_DET}	17493.0	0.3586542010087342	0
598	[{18}, {4, 5}, {5}]	{pos_ADP} {feats_Gender=Masc,feats_Number=Sing} {feats_Number=Sing}	17477.0	0.3583261573789314	0
484	[{18}, {24, 5}, {26}]	{pos_ADP} {feats_Number=Sing,pos_DET} {feats_Gender=Fem}	17442.0	0.35760856193873786	0
557	[{18}, {24}, {26, 5}]	{pos_ADP} {pos_DET} {feats_Number=Sing,feats_Gender=Fem}	17439.0	0.3575470537581498	0
504	[{18}, {24, 5}, {26, 5}]	{pos_ADP} {feats_Number=Sing,pos_DET} {feats_Number=Sing,feats_Gender=Fem}	17438.0	0.35752655103128717	0
363	[{17, 18}, {24, 25, 27, 23}, {5}]	{lemma_de,pos_ADP} {lemma_le,pos_DET,feats_Definite=Def,feats_PronType=Art} {feats_Number=Sing}	17420.0	0.357157501947759	0
215	[{17, 18}, {5, 23, 24, 25, 27}, {5}]	{lemma_de,pos_ADP} {feats_Number=Sing,lemma_le,pos_DET,feats_Definite=Def,feats_PronType=Art} {feats_Number=Sing}	17409.0	0.35693197195226967	0
151	[{24, 25, 27}, {3}, {18}]	{pos_DET,feats_Definite=Def,feats_PronType=Art} {pos_NOUN} {pos_ADP}	17347.0	0.3556608028867839	0
343	[{24, 25, 27, 23}, {3}, {18}]	{lemma_le,pos_DET,feats_Definite=Def,feats_PronType=Art} {pos_NOUN} {pos_ADP}	17344.0	0.35559929470619595	0
566	[{730}, {24, 27}, {5}]	{wp_▁de} {pos_DET,feats_PronType=Art} {feats_Number=Sing}	17338.0	0.3554762783450199	0
128	[{730}, {24, 25, 27, 23}, {5}]	{wp_▁de} {lemma_le,pos_DET,feats_Definite=Def,feats_PronType=Art} {feats_Number=Sing}	17337.0	0.3554557756181572	0
34	[{17, 18, 730}, {24, 27}, {5}]	{lemma_de,pos_ADP,wp_▁de} {pos_DET,feats_PronType=Art} {feats_Number=Sing}	17336.0	0.35543527289129456	0
81	[{17, 18, 730}, {24, 25, 27, 23}, {5}]	{lemma_de,pos_ADP,wp_▁de} {lemma_le,pos_DET,feats_Definite=Def,feats_PronType=Art} {feats_Number=Sing}	17335.0	0.35541477016443185	0
401	[{730}, {24, 27, 5}, {5}]	{wp_▁de} {feats_Number=Sing,pos_DET,feats_PronType=Art} {feats_Number=Sing}	17327.0	0.35525074834953047	0
400	[{18}, {24}, {92}]	{pos_ADP} {pos_DET} {feats_Number=Plur}	17327.0	0.35525074834953047	0
402	[{730}, {5, 23, 24, 25, 27}, {5}]	{wp_▁de} {feats_Number=Sing,lemma_le,pos_DET,feats_Definite=Def,feats_PronType=Art} {feats_Number=Sing}	17326.0	0.3552302456226678	0
92	[{17, 18, 730}, {24, 27, 5}, {5}]	{lemma_de,pos_ADP,wp_▁de} {feats_Number=Sing,pos_DET,feats_PronType=Art} {feats_Number=Sing}	17325.0	0.35520974289580515	0
146	[{17, 18, 730}, {5, 23, 24, 25, 27}, {5}]	{lemma_de,pos_ADP,wp_▁de} {feats_Number=Sing,lemma_le,pos_DET,feats_Definite=Def,feats_PronType=Art} {feats_Number=Sing}	17324.0	0.3551892401689425	0
307	[{18}, {24, 92}, {92}]	{pos_ADP} {pos_DET,feats_Number=Plur} {feats_Number=Plur}	17321.0	0.35512773198835446	0
126	[{728, 17, 18, 730}, {24, 27}, {5}]	{lemma_de,pos_ADP,feats_de,wp_▁de} {pos_DET,feats_PronType=Art} {feats_Number=Sing}	17294.0	0.3545741583630623	0
175	[{728, 17, 18, 730}, {24, 25, 27, 23}, {5}]	{lemma_de,pos_ADP,feats_de,wp_▁de} {lemma_le,pos_DET,feats_Definite=Def,feats_PronType=Art} {feats_Number=Sing}	17293.0	0.3545536556361996	0
161	[{728, 17, 18, 730}, {24, 27, 5}, {5}]	{lemma_de,pos_ADP,feats_de,wp_▁de} {feats_Number=Sing,pos_DET,feats_PronType=Art} {feats_Number=Sing}	17283.0	0.35434862836757286	0
38	[{728, 17, 18, 730}, {5, 23, 24, 25, 27}, {5}]	{lemma_de,pos_ADP,feats_de,wp_▁de} {feats_Number=Sing,lemma_le,pos_DET,feats_Definite=Def,feats_PronType=Art} {feats_Number=Sing}	17282.0	0.3543281256407102	0
592	[{18}, {4, 5}, {4}]	{pos_ADP} {feats_Gender=Masc,feats_Number=Sing} {feats_Gender=Masc}	17281.0	0.35430762291384754	0
210	[{18}, {4}, {4, 5}]	{pos_ADP} {feats_Gender=Masc} {feats_Gender=Masc,feats_Number=Sing}	17217.0	0.3529954483946365	0
159	[{18}, {4, 5}, {4, 5}]	{pos_ADP} {feats_Gender=Masc,feats_Number=Sing} {feats_Gender=Masc,feats_Number=Sing}	17192.0	0.3524828802230697	0
511	[{26}, {18}, {5}]	{feats_Gender=Fem} {pos_ADP} {feats_Number=Sing}	17168.0	0.3519908147783655	0
587	[{18}, {92}, {3}]	{pos_ADP} {feats_Number=Plur} {pos_NOUN}	17059.0	0.3497560175503342	0
137	[{3}, {18}, {24}]	{pos_NOUN} {pos_ADP} {pos_DET}	17046.0	0.34948948210111946	0
569	[{18}, {92}, {3, 92}]	{pos_ADP} {feats_Number=Plur} {pos_NOUN,feats_Number=Plur}	17040.0	0.3493664657399434	0
20	[{17, 18}, {5}, {3}]	{lemma_de,pos_ADP} {feats_Number=Sing} {pos_NOUN}	16996.0	0.3484643457579858	0
376	[{24, 5}, {5}, {5}]	{feats_Number=Sing,pos_DET} {feats_Number=Sing} {feats_Number=Sing}	16987.0	0.34827982121622175	0
71	[{17, 18}, {5}, {3, 5}]	{lemma_de,pos_ADP} {feats_Number=Sing} {pos_NOUN,feats_Number=Sing}	16965.0	0.347828761225243	0
440	[{18}, {5}, {26, 3}]	{pos_ADP} {feats_Number=Sing} {pos_NOUN,feats_Gender=Fem}	16908.0	0.34666010579407064	0
506	[{18}, {5}, {26, 3, 5}]	{pos_ADP} {feats_Number=Sing} {pos_NOUN,feats_Number=Sing,feats_Gender=Fem}	16897.0	0.3464345757985812	0
459	[{24}, {3}, {17, 18}]	{pos_DET} {pos_NOUN} {lemma_de,pos_ADP}	16844.0	0.3453479312748596	0
570	[{18}, {24, 27}, {26, 5}]	{pos_ADP} {pos_DET,feats_PronType=Art} {feats_Number=Sing,feats_Gender=Fem}	16779.0	0.34401525402878586	0
520	[{18}, {24, 27, 5}, {26}]	{pos_ADP} {feats_Number=Sing,pos_DET,feats_PronType=Art} {feats_Gender=Fem}	16778.0	0.34399475130192314	0
98	[{18}, {24, 27, 5}, {26, 5}]	{pos_ADP} {feats_Number=Sing,pos_DET,feats_PronType=Art} {feats_Number=Sing,feats_Gender=Fem}	16776.0	0.3439537458481978	0
45	[{17, 18}, {24, 5}, {3}]	{lemma_de,pos_ADP} {feats_Number=Sing,pos_DET} {pos_NOUN}	16764.0	0.34370771312584575	0
295	[{17, 18}, {24}, {3, 5}]	{lemma_de,pos_ADP} {pos_DET} {pos_NOUN,feats_Number=Sing}	16760.0	0.34362570221839506	0
48	[{17, 18}, {24, 5}, {3, 5}]	{lemma_de,pos_ADP} {feats_Number=Sing,pos_DET} {pos_NOUN,feats_Number=Sing}	16758.0	0.3435846967646697	0
41	[{3}, {18}, {3}]	{pos_NOUN} {pos_ADP} {pos_NOUN}	16729.0	0.3429901176856522	0
427	[{18}, {24, 5}, {26, 3}]	{pos_ADP} {feats_Number=Sing,pos_DET} {pos_NOUN,feats_Gender=Fem}	16705.0	0.34249805224094804	0
591	[{18}, {24}, {26, 3, 5}]	{pos_ADP} {pos_DET} {pos_NOUN,feats_Number=Sing,feats_Gender=Fem}	16702.0	0.34243654406036	0
12	[{18}, {24, 5}, {26, 3, 5}]	{pos_ADP} {feats_Number=Sing,pos_DET} {pos_NOUN,feats_Number=Sing,feats_Gender=Fem}	16701.0	0.34241604133349735	0
578	[{18}, {24, 4}, {4}]	{pos_ADP} {feats_Gender=Masc,pos_DET} {feats_Gender=Masc}	16690.0	0.34219051133800793	0
503	[{18}, {5}, {3, 4}]	{pos_ADP} {feats_Number=Sing} {pos_NOUN,feats_Gender=Masc}	16669.0	0.3417599540738918	0
180	[{18}, {5}, {3, 4, 5}]	{pos_ADP} {feats_Number=Sing} {pos_NOUN,feats_Gender=Masc,feats_Number=Sing}	16642.0	0.3412063804485997	0
588	[{3}, {18}, {26}]	{pos_NOUN} {pos_ADP} {feats_Gender=Fem}	16623.0	0.3408168286382089	0
262	[{18}, {24, 4}, {5}]	{pos_ADP} {feats_Gender=Masc,pos_DET} {feats_Number=Sing}	16620.0	0.34075532045762086	0
603	[{18}, {24, 4, 5}, {5}]	{pos_ADP} {feats_Gender=Masc,feats_Number=Sing,pos_DET} {feats_Number=Sing}	16618.0	0.34071431500389554	0
560	[{18}, {24, 25, 27}, {4, 5}]	{pos_ADP} {pos_DET,feats_Definite=Def,feats_PronType=Art} {feats_Gender=Masc,feats_Number=Sing}	16600.0	0.3403452659203674	0
478	[{18}, {24, 25, 27, 23}, {4, 5}]	{pos_ADP} {lemma_le,pos_DET,feats_Definite=Def,feats_PronType=Art} {feats_Gender=Masc,feats_Number=Sing}	16599.0	0.34032476319350474	0
537	[{18}, {24, 25, 27, 5}, {4}]	{pos_ADP} {feats_Number=Sing,pos_DET,feats_Definite=Def,feats_PronType=Art} {feats_Gender=Masc}	16589.0	0.340119735924878	0
473	[{18}, {5, 23, 24, 25, 27}, {4}]	{pos_ADP} {feats_Number=Sing,lemma_le,pos_DET,feats_Definite=Def,feats_PronType=Art} {feats_Gender=Masc}	16588.0	0.3400992331980153	0
368	[{18}, {24, 25, 27, 5}, {4, 5}]	{pos_ADP} {feats_Number=Sing,pos_DET,feats_Definite=Def,feats_PronType=Art} {feats_Gender=Masc,feats_Number=Sing}	16573.0	0.3397916922950752	0
437	[{18}, {5, 23, 24, 25, 27}, {4, 5}]	{pos_ADP} {feats_Number=Sing,lemma_le,pos_DET,feats_Definite=Def,feats_PronType=Art} {feats_Gender=Masc,feats_Number=Sing}	16572.0	0.33977118956821256	0
84	[{18}, {24, 4, 5}, {4}]	{pos_ADP} {feats_Gender=Masc,feats_Number=Sing,pos_DET} {feats_Gender=Masc}	16566.0	0.33964817320703655	0
306	[{18}, {24, 4}, {4, 5}]	{pos_ADP} {feats_Gender=Masc,pos_DET} {feats_Gender=Masc,feats_Number=Sing}	16552.0	0.3393611350309591	0
571	[{18}, {24, 4, 5}, {4, 5}]	{pos_ADP} {feats_Gender=Masc,feats_Number=Sing,pos_DET} {feats_Gender=Masc,feats_Number=Sing}	16550.0	0.3393201295772338	0
426	[{3}, {18}, {5}, {5}]	{pos_NOUN} {pos_ADP} {feats_Number=Sing} {feats_Number=Sing}	16542.0	0.3391561077623324	0
33	[{5}, {18}, {5}, {5}]	{feats_Number=Sing} {pos_ADP} {feats_Number=Sing} {feats_Number=Sing}	16529.0	0.33888957231311767	0
549	[{18}, {24, 5}, {3, 4}]	{pos_ADP} {feats_Number=Sing,pos_DET} {pos_NOUN,feats_Gender=Masc}	16483.0	0.3379464468774347	0
53	[{18}, {24}, {3, 4, 5}]	{pos_ADP} {pos_DET} {pos_NOUN,feats_Gender=Masc,feats_Number=Sing}	16475.0	0.3377824250625333	0
604	[{18}, {24, 5}, {3, 4, 5}]	{pos_ADP} {feats_Number=Sing,pos_DET} {pos_NOUN,feats_Gender=Masc,feats_Number=Sing}	16469.0	0.3376594087013573	0
156	[{24}, {3}, {11}]	{pos_DET} {pos_NOUN} {pos_ADJ}	16468.0	0.3376389059744946	0
96	[{24, 27}, {3}, {17, 18}]	{pos_DET,feats_PronType=Art} {pos_NOUN} {lemma_de,pos_ADP}	16360.0	0.335424611473326	0
282	[{5}, {18}, {24, 27}]	{feats_Number=Sing} {pos_ADP} {pos_DET,feats_PronType=Art}	16220.0	0.3325542297125518	0
312	[{18}, {24, 27}, {92}]	{pos_ADP} {pos_DET,feats_PronType=Art} {feats_Number=Plur}	16201.0	0.332164677902161	0
72	[{17, 18}, {24}, {4}]	{lemma_de,pos_ADP} {pos_DET} {feats_Gender=Masc}	16196.0	0.3320621642678476	0
536	[{18}, {24, 27, 92}, {92}]	{pos_ADP} {pos_DET,feats_PronType=Art,feats_Number=Plur} {feats_Number=Plur}	16195.0	0.33204166154098497	0
70	[{24}, {3}, {18}, {5}]	{pos_DET} {pos_NOUN} {pos_ADP} {feats_Number=Sing}	16187.0	0.3318776397260836	0
564	[{18}, {24}, {3, 92}]	{pos_ADP} {pos_DET} {pos_NOUN,feats_Number=Plur}	16181.0	0.3317546233649075	0
517	[{18}, {24, 92}, {3}]	{pos_ADP} {pos_DET,feats_Number=Plur} {pos_NOUN}	16178.0	0.3316931151843195	0
344	[{18}, {24, 92}, {3, 92}]	{pos_ADP} {pos_DET,feats_Number=Plur} {pos_NOUN,feats_Number=Plur}	16177.0	0.33167261245745683	0
424	[{3}, {17, 18, 730}, {5}]	{pos_NOUN} {lemma_de,pos_ADP,wp_▁de} {feats_Number=Sing}	16155.0	0.33122155246647805	0
425	[{3}, {728, 17, 18, 730}, {5}]	{pos_NOUN} {lemma_de,pos_ADP,feats_de,wp_▁de} {feats_Number=Sing}	16153.0	0.3311805470127527	0
272	[{17, 18}, {24, 27, 5}, {3}]	{lemma_de,pos_ADP} {feats_Number=Sing,pos_DET,feats_PronType=Art} {pos_NOUN}	16141.0	0.3309345142904006	0
237	[{17, 18}, {24, 27}, {3, 5}]	{lemma_de,pos_ADP} {pos_DET,feats_PronType=Art} {pos_NOUN,feats_Number=Sing}	16137.0	0.3308525033829499	0
238	[{18}, {24, 27, 4, 5}, {5}]	{pos_ADP} {feats_Gender=Masc,feats_Number=Sing,pos_DET,feats_PronType=Art} {feats_Number=Sing}	16137.0	0.3308525033829499	0
119	[{17, 18}, {24, 27, 5}, {3, 5}]	{lemma_de,pos_ADP} {feats_Number=Sing,pos_DET,feats_PronType=Art} {pos_NOUN,feats_Number=Sing}	16135.0	0.3308114979292246	0
122	[{24}, {5}, {18}]	{pos_DET} {feats_Number=Sing} {pos_ADP}	16089.0	0.3298683724935416	0
574	[{18}, {24, 27, 4, 5}, {4}]	{pos_ADP} {feats_Gender=Masc,feats_Number=Sing,pos_DET,feats_PronType=Art} {feats_Gender=Masc}	16085.0	0.3297863615860909	0
458	[{24, 5}, {5}, {18}]	{feats_Number=Sing,pos_DET} {feats_Number=Sing} {pos_ADP}	16075.0	0.3295813343174642	0
421	[{18}, {24, 27, 4, 5}, {4, 5}]	{pos_ADP} {feats_Gender=Masc,feats_Number=Sing,pos_DET,feats_PronType=Art} {feats_Gender=Masc,feats_Number=Sing}	16069.0	0.32945831795628816	0
411	[{5}, {18}, {24}, {3}]	{feats_Number=Sing} {pos_ADP} {pos_DET} {pos_NOUN}	16054.0	0.3291507770533481	0
373	[{24, 27, 5}, {5}, {5}]	{feats_Number=Sing,pos_DET,feats_PronType=Art} {feats_Number=Sing} {feats_Number=Sing}	16041.0	0.3288842416041334	0
185	[{18}, {24, 27}, {26, 3, 5}]	{pos_ADP} {pos_DET,feats_PronType=Art} {pos_NOUN,feats_Number=Sing,feats_Gender=Fem}	16033.0	0.328720219789232	0
528	[{18}, {24, 27, 5}, {26, 3}]	{pos_ADP} {feats_Number=Sing,pos_DET,feats_PronType=Art} {pos_NOUN,feats_Gender=Fem}	16032.0	0.3286997170623693	0
529	[{18}, {24, 27, 5}, {26, 3, 5}]	{pos_ADP} {feats_Number=Sing,pos_DET,feats_PronType=Art} {pos_NOUN,feats_Number=Sing,feats_Gender=Fem}	16030.0	0.32865871160864396	0
300	[{5}, {5}, {17, 18}]	{feats_Number=Sing} {feats_Number=Sing} {lemma_de,pos_ADP}	15863.0	0.3252347562225776	0
222	[{24, 27}, {3}, {11}]	{pos_DET,feats_PronType=Art} {pos_NOUN} {pos_ADJ}	15857.0	0.32511173986140157	0
46	[{3}, {18}, {24, 27}]	{pos_NOUN} {pos_ADP} {pos_DET,feats_PronType=Art}	15823.0	0.32441464714807067	0
463	[{5}, {5}, {18}, {5}]	{feats_Number=Sing} {feats_Number=Sing} {pos_ADP} {feats_Number=Sing}	15815.0	0.3242506253331693	0
397	[{730}, {5}, {3}]	{wp_▁de} {feats_Number=Sing} {pos_NOUN}	15754.0	0.32299995899454625	0
139	[{17, 18, 730}, {5}, {3}]	{lemma_de,pos_ADP,wp_▁de} {feats_Number=Sing} {pos_NOUN}	15752.0	0.32295895354082094	0
39	[{18}, {24, 27, 5}, {3, 4}]	{pos_ADP} {feats_Number=Sing,pos_DET,feats_PronType=Art} {pos_NOUN,feats_Gender=Masc}	15744.0	0.32279493172591955	0
505	[{18}, {24, 27}, {3, 4, 5}]	{pos_ADP} {pos_DET,feats_PronType=Art} {pos_NOUN,feats_Gender=Masc,feats_Number=Sing}	15730.0	0.3225078935498421	0
242	[{18}, {24, 27, 5}, {3, 4, 5}]	{pos_ADP} {feats_Number=Sing,pos_DET,feats_PronType=Art} {pos_NOUN,feats_Gender=Masc,feats_Number=Sing}	15729.0	0.32248739082297945	0
399	[{730}, {5}, {3, 5}]	{wp_▁de} {feats_Number=Sing} {pos_NOUN,feats_Number=Sing}	15719.0	0.32228236355435275	0
0	[{728, 17, 18, 730}, {5}, {3}]	{lemma_de,pos_ADP,feats_de,wp_▁de} {feats_Number=Sing} {pos_NOUN}	15718.0	0.32226186082749003	0
86	[{17, 18, 730}, {5}, {3, 5}]	{lemma_de,pos_ADP,wp_▁de} {feats_Number=Sing} {pos_NOUN,feats_Number=Sing}	15717.0	0.3222413581006274	0
160	[{728, 17, 18, 730}, {5}, {3, 5}]	{lemma_de,pos_ADP,feats_de,wp_▁de} {feats_Number=Sing} {pos_NOUN,feats_Number=Sing}	15682.0	0.32152376266043386	0
209	[{24}, {3, 5}, {18}]	{pos_DET} {pos_NOUN,feats_Number=Sing} {pos_ADP}	15679.0	0.32146225447984583	0
106	[{18}, {24, 25, 27}, {26, 5}]	{pos_ADP} {pos_DET,feats_Definite=Def,feats_PronType=Art} {feats_Number=Sing,feats_Gender=Fem}	15672.0	0.3213187353918071	0
105	[{24, 5}, {3}, {18}]	{feats_Number=Sing,pos_DET} {pos_NOUN} {pos_ADP}	15672.0	0.3213187353918071	0
418	[{18}, {23}, {26, 5}]	{pos_ADP} {lemma_le} {feats_Number=Sing,feats_Gender=Fem}	15671.0	0.32129823266494445	0
255	[{18}, {24, 25, 27, 23}, {26, 5}]	{pos_ADP} {lemma_le,pos_DET,feats_Definite=Def,feats_PronType=Art} {feats_Number=Sing,feats_Gender=Fem}	15670.0	0.3212777299380818	0
100	[{18}, {24, 25, 27, 5}, {26, 5}]	{pos_ADP} {feats_Number=Sing,pos_DET,feats_Definite=Def,feats_PronType=Art} {feats_Number=Sing,feats_Gender=Fem}	15669.0	0.3212572272112191	0
388	[{18}, {5, 23, 24, 25, 27}, {26, 5}]	{pos_ADP} {feats_Number=Sing,lemma_le,pos_DET,feats_Definite=Def,feats_PronType=Art} {feats_Number=Sing,feats_Gender=Fem}	15667.0	0.32121622175749376	0
322	[{24, 5}, {3, 5}, {18}]	{feats_Number=Sing,pos_DET} {pos_NOUN,feats_Number=Sing} {pos_ADP}	15665.0	0.3211752163037684	0
372	[{3}, {18}, {24}, {3}]	{pos_NOUN} {pos_ADP} {pos_DET} {pos_NOUN}	15604.0	0.31992454996514536	0
593	[{730}, {24, 5}, {3}]	{wp_▁de} {feats_Number=Sing,pos_DET} {pos_NOUN}	15574.0	0.3193094681592652	0
250	[{17, 18, 730}, {24, 5}, {3}]	{lemma_de,pos_ADP,wp_▁de} {feats_Number=Sing,pos_DET} {pos_NOUN}	15572.0	0.3192684627055398	0
414	[{730}, {24}, {3, 5}]	{wp_▁de} {pos_DET} {pos_NOUN,feats_Number=Sing}	15569.0	0.3192069545249518	0
317	[{730}, {24, 5}, {3, 5}]	{wp_▁de} {feats_Number=Sing,pos_DET} {pos_NOUN,feats_Number=Sing}	15567.0	0.3191659490712265	0
316	[{17, 18, 730}, {24}, {3, 5}]	{lemma_de,pos_ADP,wp_▁de} {pos_DET} {pos_NOUN,feats_Number=Sing}	15567.0	0.3191659490712265	0
381	[{17, 18, 730}, {24, 5}, {3, 5}]	{lemma_de,pos_ADP,wp_▁de} {feats_Number=Sing,pos_DET} {pos_NOUN,feats_Number=Sing}	15565.0	0.3191249436175011	0
164	[{728, 17, 18, 730}, {24, 5}, {3}]	{lemma_de,pos_ADP,feats_de,wp_▁de} {feats_Number=Sing,pos_DET} {pos_NOUN}	15537.0	0.3185508672653463	0
60	[{728, 17, 18, 730}, {24}, {3, 5}]	{lemma_de,pos_ADP,feats_de,wp_▁de} {pos_DET} {pos_NOUN,feats_Number=Sing}	15532.0	0.3184483536310329	0
115	[{728, 17, 18, 730}, {24, 5}, {3, 5}]	{lemma_de,pos_ADP,feats_de,wp_▁de} {feats_Number=Sing,pos_DET} {pos_NOUN,feats_Number=Sing}	15530.0	0.3184073481773076	0
253	[{24, 27}, {5}, {18}]	{pos_DET,feats_PronType=Art} {feats_Number=Sing} {pos_ADP}	15505.0	0.3178947800057408	0
482	[{24, 27, 5}, {5}, {18}]	{feats_Number=Sing,pos_DET,feats_PronType=Art} {feats_Number=Sing} {pos_ADP}	15497.0	0.3177307581908394	0
168	[{24, 27}, {3}, {18}, {5}]	{pos_DET,feats_PronType=Art} {pos_NOUN} {pos_ADP} {feats_Number=Sing}	15438.0	0.3165210973059417	0
67	[{17, 18, 730}, {24}, {4}]	{lemma_de,pos_ADP,wp_▁de} {pos_DET} {feats_Gender=Masc}	15415.0	0.3160495345881002	0
297	[{17, 18}, {24, 27}, {4}]	{lemma_de,pos_ADP} {pos_DET,feats_PronType=Art} {feats_Gender=Masc}	15392.0	0.31557797187025877	0
13	[{728, 17, 18, 730}, {24}, {4}]	{lemma_de,pos_ADP,feats_de,wp_▁de} {pos_DET} {feats_Gender=Masc}	15383.0	0.31539344732849467	0
576	[{18}, {26}, {26}]	{pos_ADP} {feats_Gender=Fem} {feats_Gender=Fem}	15289.0	0.31346619100340345	0
268	[{5}, {18}, {24, 5}]	{feats_Number=Sing} {pos_ADP} {feats_Number=Sing,pos_DET}	15284.0	0.3133636773690901	0
289	[{5}, {17, 18}, {5}]	{feats_Number=Sing} {lemma_de,pos_ADP} {feats_Number=Sing}	15281.0	0.31330216918850207	0
280	[{92}, {92}, {18}]	{feats_Number=Plur} {feats_Number=Plur} {pos_ADP}	15179.0	0.31121089104850946	0
274	[{5}, {18}, {24}, {5}]	{feats_Number=Sing} {pos_ADP} {pos_DET} {feats_Number=Sing}	15178.0	0.3111903883216468	0
348	[{5}, {18}, {24, 5}, {5}]	{feats_Number=Sing} {pos_ADP} {feats_Number=Sing,pos_DET} {feats_Number=Sing}	15172.0	0.31106737196047074	0
360	[{5}, {3}, {5}]	{feats_Number=Sing} {pos_NOUN} {feats_Number=Sing}	15147.0	0.31055480378890393	0
386	[{17}, {24}, {26}]	{lemma_de} {pos_DET} {feats_Gender=Fem}	15145.0	0.31051379833517856	0
116	[{17, 18}, {24}, {26}]	{lemma_de,pos_ADP} {pos_DET} {feats_Gender=Fem}	15144.0	0.3104932956083159	0
548	[{5}, {3, 5}, {5}]	{feats_Number=Sing} {pos_NOUN,feats_Number=Sing} {feats_Number=Sing}	15126.0	0.3101242465247878	0
286	[{24, 27}, {3, 5}, {18}]	{pos_DET,feats_PronType=Art} {pos_NOUN,feats_Number=Sing} {pos_ADP}	15071.0	0.3089965965473408	0
276	[{24, 27, 5}, {3}, {18}]	{feats_Number=Sing,pos_DET,feats_PronType=Art} {pos_NOUN} {pos_ADP}	15070.0	0.30897609382047814	0
277	[{92}, {18}, {5}]	{feats_Number=Plur} {pos_ADP} {feats_Number=Sing}	15070.0	0.30897609382047814	0
452	[{24, 27, 5}, {3, 5}, {18}]	{feats_Number=Sing,pos_DET,feats_PronType=Art} {pos_NOUN,feats_Number=Sing} {pos_ADP}	15063.0	0.3088325747324394	0
47	[{18}, {24, 27}, {3, 92}]	{pos_ADP} {pos_DET,feats_PronType=Art} {pos_NOUN,feats_Number=Plur}	15054.0	0.30864805019067537	0
538	[{18}, {24, 27, 92}, {3}]	{pos_ADP} {pos_DET,feats_PronType=Art,feats_Number=Plur} {pos_NOUN}	15051.0	0.30858654201008734	0
472	[{18}, {24, 27, 92}, {3, 92}]	{pos_ADP} {pos_DET,feats_PronType=Art,feats_Number=Plur} {pos_NOUN,feats_Number=Plur}	15050.0	0.3085660392832247	0
471	[{18}, {24, 25, 27}, {26, 3, 5}]	{pos_ADP} {pos_DET,feats_Definite=Def,feats_PronType=Art} {pos_NOUN,feats_Number=Sing,feats_Gender=Fem}	15032.0	0.30819699019969654	0
130	[{18}, {24, 25, 27, 23}, {26, 3, 5}]	{pos_ADP} {lemma_le,pos_DET,feats_Definite=Def,feats_PronType=Art} {pos_NOUN,feats_Number=Sing,feats_Gender=Fem}	15030.0	0.3081559847459712	0
36	[{18}, {24, 25, 27, 5}, {26, 3, 5}]	{pos_ADP} {feats_Number=Sing,pos_DET,feats_Definite=Def,feats_PronType=Art} {pos_NOUN,feats_Number=Sing,feats_Gender=Fem}	15029.0	0.30813548201910856	0
354	[{18}, {5, 23, 24, 25, 27}, {26, 3, 5}]	{pos_ADP} {feats_Number=Sing,lemma_le,pos_DET,feats_Definite=Def,feats_PronType=Art} {pos_NOUN,feats_Number=Sing,feats_Gender=Fem}	15027.0	0.3080944765653832	0
353	[{3}, {18}, {26, 5}]	{pos_NOUN} {pos_ADP} {feats_Number=Sing,feats_Gender=Fem}	15027.0	0.3080944765653832	0
37	[{17, 18}, {5, 23, 24, 25, 27}, {3}]	{lemma_de,pos_ADP} {feats_Number=Sing,lemma_le,pos_DET,feats_Definite=Def,feats_PronType=Art} {pos_NOUN}	14975.0	0.3070283347685242	0
234	[{17, 18}, {24, 25, 27, 23}, {3, 5}]	{lemma_de,pos_ADP} {lemma_le,pos_DET,feats_Definite=Def,feats_PronType=Art} {pos_NOUN,feats_Number=Sing}	14970.0	0.30692582113421085	0
120	[{17, 18}, {5, 23, 24, 25, 27}, {3, 5}]	{lemma_de,pos_ADP} {feats_Number=Sing,lemma_le,pos_DET,feats_Definite=Def,feats_PronType=Art} {pos_NOUN,feats_Number=Sing}	14968.0	0.3068848156804855	0
445	[{18}, {26}, {5}]	{pos_ADP} {feats_Gender=Fem} {feats_Number=Sing}	14956.0	0.3066387829581334	0
444	[{3}, {18}, {24, 5}]	{pos_NOUN} {pos_ADP} {feats_Number=Sing,pos_DET}	14956.0	0.3066387829581334	0
398	[{18}, {4, 5, 24, 25, 27}, {5}]	{pos_ADP} {feats_Gender=Masc,feats_Number=Sing,pos_DET,feats_Definite=Def,feats_PronType=Art} {feats_Number=Sing}	14941.0	0.30633124205519335	0
562	[{18}, {4, 5, 23, 24, 25, 27}, {5}]	{pos_ADP} {feats_Gender=Masc,feats_Number=Sing,lemma_le,pos_DET,feats_Definite=Def,feats_PronType=Art} {feats_Number=Sing}	14940.0	0.3063107393283307	0
155	[{18}, {44}, {5}]	{pos_ADP} {wp_▁le} {feats_Number=Sing}	14924.0	0.30598269569852793	0
492	[{18}, {4, 5, 44}, {5}]	{pos_ADP} {feats_Gender=Masc,feats_Number=Sing,wp_▁le} {feats_Number=Sing}	14923.0	0.3059621929716652	0
552	[{18}, {4, 5, 44, 23, 24, 25, 27}, {5}]	{pos_ADP} {feats_Gender=Masc,feats_Number=Sing,lemma_le,pos_DET,feats_Definite=Def,feats_PronType=Art,wp_▁le} {feats_Number=Sing}	14922.0	0.30594169024480256	0
102	[{3, 4}, {18}, {5}]	{pos_NOUN,feats_Gender=Masc} {pos_ADP} {feats_Number=Sing}	14921.0	0.3059211875179399	0
546	[{18}, {4}, {3}]	{pos_ADP} {feats_Gender=Masc} {pos_NOUN}	14920.0	0.30590068479107724	0
419	[{730}, {24, 27, 5}, {3}]	{wp_▁de} {feats_Number=Sing,pos_DET,feats_PronType=Art} {pos_NOUN}	14902.0	0.3055316357075491	0
256	[{730}, {5, 23, 24, 25, 27}, {3}]	{wp_▁de} {feats_Number=Sing,lemma_le,pos_DET,feats_Definite=Def,feats_PronType=Art} {pos_NOUN}	14901.0	0.30551113298068644	0
99	[{17, 18, 730}, {24, 27, 5}, {3}]	{lemma_de,pos_ADP,wp_▁de} {feats_Number=Sing,pos_DET,feats_PronType=Art} {pos_NOUN}	14900.0	0.3054906302538238	0
403	[{17, 18, 730}, {5, 23, 24, 25, 27}, {3}]	{lemma_de,pos_ADP,wp_▁de} {feats_Number=Sing,lemma_le,pos_DET,feats_Definite=Def,feats_PronType=Art} {pos_NOUN}	14899.0	0.30547012752696107	0
389	[{730}, {24, 27}, {3, 5}]	{wp_▁de} {pos_DET,feats_PronType=Art} {pos_NOUN,feats_Number=Sing}	14898.0	0.3054496248000984	0
392	[{730}, {24, 25, 27, 23}, {3, 5}]	{wp_▁de} {lemma_le,pos_DET,feats_Definite=Def,feats_PronType=Art} {pos_NOUN,feats_Number=Sing}	14897.0	0.30542912207323575	0
324	[{730}, {24, 27, 5}, {3, 5}]	{wp_▁de} {feats_Number=Sing,pos_DET,feats_PronType=Art} {pos_NOUN,feats_Number=Sing}	14896.0	0.3054086193463731	0
323	[{17, 18, 730}, {24, 27}, {3, 5}]	{lemma_de,pos_ADP,wp_▁de} {pos_DET,feats_PronType=Art} {pos_NOUN,feats_Number=Sing}	14896.0	0.3054086193463731	0
266	[{17, 18, 730}, {24, 25, 27, 23}, {3, 5}]	{lemma_de,pos_ADP,wp_▁de} {lemma_le,pos_DET,feats_Definite=Def,feats_PronType=Art} {pos_NOUN,feats_Number=Sing}	14895.0	0.3053881166195104	0
267	[{730}, {5, 23, 24, 25, 27}, {3, 5}]	{wp_▁de} {feats_Number=Sing,lemma_le,pos_DET,feats_Definite=Def,feats_PronType=Art} {pos_NOUN,feats_Number=Sing}	14895.0	0.3053881166195104	0
104	[{17, 18, 730}, {24, 27, 5}, {3, 5}]	{lemma_de,pos_ADP,wp_▁de} {feats_Number=Sing,pos_DET,feats_PronType=Art} {pos_NOUN,feats_Number=Sing}	14894.0	0.3053676138926477	0
332	[{17, 18, 730}, {5, 23, 24, 25, 27}, {3, 5}]	{lemma_de,pos_ADP,wp_▁de} {feats_Number=Sing,lemma_le,pos_DET,feats_Definite=Def,feats_PronType=Art} {pos_NOUN,feats_Number=Sing}	14893.0	0.30534711116578506	0
413	[{18}, {4}, {3, 4}]	{pos_ADP} {feats_Gender=Masc} {pos_NOUN,feats_Gender=Masc}	14887.0	0.305224094804609	0
590	[{18}, {4, 5, 24, 25, 27}, {4}]	{pos_ADP} {feats_Gender=Masc,feats_Number=Sing,pos_DET,feats_Definite=Def,feats_PronType=Art} {feats_Gender=Masc}	14886.0	0.30520359207774633	0
158	[{18}, {4, 5, 23, 24, 25, 27}, {4}]	{pos_ADP} {feats_Gender=Masc,feats_Number=Sing,lemma_le,pos_DET,feats_Definite=Def,feats_PronType=Art} {feats_Gender=Masc}	14885.0	0.3051830893508837	0
390	[{18}, {26, 5}, {5}]	{pos_ADP} {feats_Number=Sing,feats_Gender=Fem} {feats_Number=Sing}	14871.0	0.3048960511748062	0
74	[{18}, {4, 5, 24, 25, 27}, {4, 5}]	{pos_ADP} {feats_Gender=Masc,feats_Number=Sing,pos_DET,feats_Definite=Def,feats_PronType=Art} {feats_Gender=Masc,feats_Number=Sing}	14870.0	0.30487554844794357	0
469	[{18}, {44}, {4}]	{pos_ADP} {wp_▁le} {feats_Gender=Masc}	14869.0	0.3048550457210809	0
468	[{18}, {4, 5, 23, 24, 25, 27}, {4, 5}]	{pos_ADP} {feats_Gender=Masc,feats_Number=Sing,lemma_le,pos_DET,feats_Definite=Def,feats_PronType=Art} {feats_Gender=Masc,feats_Number=Sing}	14869.0	0.3048550457210809	0
527	[{18}, {4, 5, 44}, {4}]	{pos_ADP} {feats_Gender=Masc,feats_Number=Sing,wp_▁le} {feats_Gender=Masc}	14868.0	0.30483454299421825	0
467	[{18}, {4, 5, 44, 23, 24, 25, 27}, {4}]	{pos_ADP} {feats_Gender=Masc,feats_Number=Sing,lemma_le,pos_DET,feats_Definite=Def,feats_PronType=Art,wp_▁le} {feats_Gender=Masc}	14867.0	0.30481404026735553	0
201	[{728, 17, 18, 730}, {24, 27, 5}, {3}]	{lemma_de,pos_ADP,feats_de,wp_▁de} {feats_Number=Sing,pos_DET,feats_PronType=Art} {pos_NOUN}	14860.0	0.30467052117931687	0
195	[{728, 17, 18, 730}, {5, 23, 24, 25, 27}, {3}]	{lemma_de,pos_ADP,feats_de,wp_▁de} {feats_Number=Sing,lemma_le,pos_DET,feats_Definite=Def,feats_PronType=Art} {pos_NOUN}	14859.0	0.30465001845245415	0
31	[{728, 17, 18, 730}, {24, 27}, {3, 5}]	{lemma_de,pos_ADP,feats_de,wp_▁de} {pos_DET,feats_PronType=Art} {pos_NOUN,feats_Number=Sing}	14856.0	0.3045885102718662	0
2	[{728, 17, 18, 730}, {24, 25, 27, 23}, {3, 5}]	{lemma_de,pos_ADP,feats_de,wp_▁de} {lemma_le,pos_DET,feats_Definite=Def,feats_PronType=Art} {pos_NOUN,feats_Number=Sing}	14855.0	0.30456800754500346	0
165	[{728, 17, 18, 730}, {24, 27, 5}, {3, 5}]	{lemma_de,pos_ADP,feats_de,wp_▁de} {feats_Number=Sing,pos_DET,feats_PronType=Art} {pos_NOUN,feats_Number=Sing}	14854.0	0.3045475048181408	0
524	[{18}, {44}, {4, 5}]	{pos_ADP} {wp_▁le} {feats_Gender=Masc,feats_Number=Sing}	14853.0	0.30452700209127814	0
523	[{728, 17, 18, 730}, {5, 23, 24, 25, 27}, {3, 5}]	{lemma_de,pos_ADP,feats_de,wp_▁de} {feats_Number=Sing,lemma_le,pos_DET,feats_Definite=Def,feats_PronType=Art} {pos_NOUN,feats_Number=Sing}	14853.0	0.30452700209127814	0
513	[{18}, {4, 5, 44}, {4, 5}]	{pos_ADP} {feats_Gender=Masc,feats_Number=Sing,wp_▁le} {feats_Gender=Masc,feats_Number=Sing}	14852.0	0.3045064993644155	0
474	[{18}, {4, 5, 44, 23, 24, 25, 27}, {4, 5}]	{pos_ADP} {feats_Gender=Masc,feats_Number=Sing,lemma_le,pos_DET,feats_Definite=Def,feats_PronType=Art,wp_▁le} {feats_Gender=Masc,feats_Number=Sing}	14851.0	0.30448599663755277	0
581	[{3}, {18}, {24}, {5}]	{pos_NOUN} {pos_ADP} {pos_DET} {feats_Number=Sing}	14850.0	0.3044654939106901	0
460	[{92}, {92}, {92}]	{feats_Number=Plur} {feats_Number=Plur} {feats_Number=Plur}	14848.0	0.3044244884569648	0
44	[{3}, {18}, {24, 5}, {5}]	{pos_NOUN} {pos_ADP} {feats_Number=Sing,pos_DET} {feats_Number=Sing}	14846.0	0.3043834830032394	0
600	[{18}, {24, 25, 27, 23}, {92}]	{pos_ADP} {lemma_le,pos_DET,feats_Definite=Def,feats_PronType=Art} {feats_Number=Plur}	14808.0	0.3036043793824579	0
486	[{18}, {23, 24, 25, 27, 92}, {92}]	{pos_ADP} {lemma_le,pos_DET,feats_Definite=Def,feats_PronType=Art,feats_Number=Plur} {feats_Number=Plur}	14801.0	0.30346086029441915	0
475	[{18}, {881, 92}, {92}]	{pos_ADP} {feats_Number=Plur,wp_▁les} {feats_Number=Plur}	14792.0	0.3032763357526551	0
281	[{18}, {881, 23, 24, 25, 27, 92}, {92}]	{pos_ADP} {lemma_le,pos_DET,feats_Definite=Def,feats_PronType=Art,feats_Number=Plur,wp_▁les} {feats_Number=Plur}	14790.0	0.30323533029892974	0
42	[{3}, {17, 18}, {3}]	{pos_NOUN} {lemma_de,pos_ADP} {pos_NOUN}	14784.0	0.30311231393775373	0
532	[{5}, {18}, {24, 27}, {3}]	{feats_Number=Sing} {pos_ADP} {pos_DET,feats_PronType=Art} {pos_NOUN}	14744.0	0.3022922048632468	0
124	[{24}, {3}, {5}]	{pos_DET} {pos_NOUN} {feats_Number=Sing}	14738.0	0.30216918850207075	0
261	[{24, 25, 27}, {3}, {17, 18}]	{pos_DET,feats_Definite=Def,feats_PronType=Art} {pos_NOUN} {lemma_de,pos_ADP}	14720.0	0.30180013941854267	0
417	[{24, 25, 27, 23}, {3}, {17, 18}]	{lemma_le,pos_DET,feats_Definite=Def,feats_PronType=Art} {pos_NOUN} {lemma_de,pos_ADP}	14718.0	0.3017591339648173	0
338	[{17, 18, 878, 730}, {24, 25, 27, 23}, {3}]	{lemma_de,pos_ADP,wp_▁de,dep_de} {lemma_le,pos_DET,feats_Definite=Def,feats_PronType=Art} {pos_NOUN}	14703.0	0.30145159306187724	0
284	[{878, 17, 18, 728, 730}, {24, 25, 27, 23}, {3}]	{lemma_de,pos_ADP,feats_de,wp_▁de,dep_de} {lemma_le,pos_DET,feats_Definite=Def,feats_PronType=Art} {pos_NOUN}	14682.0	0.3010210357977611	0
30	[{18}, {24}, {3}, {18}]	{pos_ADP} {pos_DET} {pos_NOUN} {pos_ADP}	14666.0	0.30069299216795836	0
540	[{18}, {24, 25, 27, 5}, {3, 4}]	{pos_ADP} {feats_Number=Sing,pos_DET,feats_Definite=Def,feats_PronType=Art} {pos_NOUN,feats_Gender=Masc}	14662.0	0.30061098126050767	0
539	[{18}, {4, 5}, {3}]	{pos_ADP} {feats_Gender=Masc,feats_Number=Sing} {pos_NOUN}	14662.0	0.30061098126050767	0
515	[{18}, {5, 23, 24, 25, 27}, {3, 4}]	{pos_ADP} {feats_Number=Sing,lemma_le,pos_DET,feats_Definite=Def,feats_PronType=Art} {pos_NOUN,feats_Gender=Masc}	14661.0	0.30059047853364496	0
6	[{24}, {3}, {730}]	{pos_DET} {pos_NOUN} {wp_▁de}	14652.0	0.3004059539918809	0
29	[{18}, {24, 25, 27}, {3, 4, 5}]	{pos_ADP} {pos_DET,feats_Definite=Def,feats_PronType=Art} {pos_NOUN,feats_Gender=Masc,feats_Number=Sing}	14648.0	0.3003239430844302	0
328	[{18}, {24, 25, 27, 5}, {3, 4, 5}]	{pos_ADP} {feats_Number=Sing,pos_DET,feats_Definite=Def,feats_PronType=Art} {pos_NOUN,feats_Gender=Masc,feats_Number=Sing}	14647.0	0.30030344035756756	0
329	[{18}, {24, 25, 27, 23}, {3, 4, 5}]	{pos_ADP} {lemma_le,pos_DET,feats_Definite=Def,feats_PronType=Art} {pos_NOUN,feats_Gender=Masc,feats_Number=Sing}	14647.0	0.30030344035756756	0
69	[{18}, {5, 23, 24, 25, 27}, {3, 4, 5}]	{pos_ADP} {feats_Number=Sing,lemma_le,pos_DET,feats_Definite=Def,feats_PronType=Art} {pos_NOUN,feats_Gender=Masc,feats_Number=Sing}	14646.0	0.3002829376307049	0
299	[{24}, {3}, {17, 18, 730}]	{pos_DET} {pos_NOUN} {lemma_de,pos_ADP,wp_▁de}	14641.0	0.3001804239963915	0
170	[{18}, {4}, {3, 5}]	{pos_ADP} {feats_Gender=Masc} {pos_NOUN,feats_Number=Sing}	14633.0	0.3000164021814901	0
498	[{18}, {4, 5}, {3, 4}]	{pos_ADP} {feats_Gender=Masc,feats_Number=Sing} {pos_NOUN,feats_Gender=Masc}	14632.0	0.29999589945462746	0
192	[{24}, {3}, {728, 17, 18, 730}]	{pos_DET} {pos_NOUN} {lemma_de,pos_ADP,feats_de,wp_▁de}	14629.0	0.2999343912740394	0
183	[{18}, {4, 5}, {3, 5}]	{pos_ADP} {feats_Gender=Masc,feats_Number=Sing} {pos_NOUN,feats_Number=Sing}	14625.0	0.29985238036658873	0
330	[{5}, {18}, {26}]	{feats_Number=Sing} {pos_ADP} {feats_Gender=Fem}	14624.0	0.2998318776397261	0
346	[{18}, {24, 4}, {3}]	{pos_ADP} {feats_Gender=Masc,pos_DET} {pos_NOUN}	14621.0	0.29977036945913804	0
597	[{18}, {24, 4}, {3, 4}]	{pos_ADP} {feats_Gender=Masc,pos_DET} {pos_NOUN,feats_Gender=Masc}	14618.0	0.29970886127855006	0
423	[{18}, {4}, {3, 4, 5}]	{pos_ADP} {feats_Gender=Masc} {pos_NOUN,feats_Gender=Masc,feats_Number=Sing}	14617.0	0.29968835855168735	0
595	[{18}, {4, 5}, {3, 4, 5}]	{pos_ADP} {feats_Gender=Masc,feats_Number=Sing} {pos_NOUN,feats_Gender=Masc,feats_Number=Sing}	14609.0	0.29952433673678597	0
441	[{17, 18}, {24, 25, 27, 23}, {4}]	{lemma_de,pos_ADP} {lemma_le,pos_DET,feats_Definite=Def,feats_PronType=Art} {feats_Gender=Masc}	14601.0	0.2993603149218846	0
358	[{17, 18, 730}, {24, 27}, {4}]	{lemma_de,pos_ADP,wp_▁de} {pos_DET,feats_PronType=Art} {feats_Gender=Masc}	14575.0	0.2988272440234551	0
303	[{17, 18, 730}, {24, 25, 27, 23}, {4}]	{lemma_de,pos_ADP,wp_▁de} {lemma_le,pos_DET,feats_Definite=Def,feats_PronType=Art} {feats_Gender=Masc}	14571.0	0.2987452331160044	0
123	[{5}, {18}, {24, 27, 5}]	{feats_Number=Sing} {pos_ADP} {feats_Number=Sing,pos_DET,feats_PronType=Art}	14551.0	0.29833517857875097	0
432	[{728, 17, 18, 730}, {24, 27}, {4}]	{lemma_de,pos_ADP,feats_de,wp_▁de} {pos_DET,feats_PronType=Art} {feats_Gender=Masc}	14545.0	0.29821216221757496	0
50	[{728, 17, 18, 730}, {24, 25, 27, 23}, {4}]	{lemma_de,pos_ADP,feats_de,wp_▁de} {lemma_le,pos_DET,feats_Definite=Def,feats_PronType=Art} {feats_Gender=Masc}	14541.0	0.29813015131012427	0
4	[{17}, {24}, {26, 3}]	{lemma_de} {pos_DET} {pos_NOUN,feats_Gender=Fem}	14496.0	0.29720752860130395	0
184	[{17, 18}, {24}, {26, 3}]	{lemma_de,pos_ADP} {pos_DET} {pos_NOUN,feats_Gender=Fem}	14495.0	0.2971870258744413	0
320	[{5}, {18}, {24, 25, 27}]	{feats_Number=Sing} {pos_ADP} {pos_DET,feats_Definite=Def,feats_PronType=Art}	14490.0	0.29708451224012794	0
319	[{5}, {18}, {23}]	{feats_Number=Sing} {pos_ADP} {lemma_le}	14490.0	0.29708451224012794	0
202	[{5}, {18}, {24, 25, 27, 23}]	{feats_Number=Sing} {pos_ADP} {lemma_le,pos_DET,feats_Definite=Def,feats_PronType=Art}	14489.0	0.2970640095132653	0
526	[{18}, {24, 4, 5}, {3}]	{pos_ADP} {feats_Gender=Masc,feats_Number=Sing,pos_DET} {pos_NOUN}	14482.0	0.29692049042522656	0
149	[{18}, {24, 4, 5}, {3, 4}]	{pos_ADP} {feats_Gender=Masc,feats_Number=Sing,pos_DET} {pos_NOUN,feats_Gender=Masc}	14479.0	0.2968589822446385	0
561	[{18}, {24, 4}, {3, 4, 5}]	{pos_ADP} {feats_Gender=Masc,pos_DET} {pos_NOUN,feats_Gender=Masc,feats_Number=Sing}	14466.0	0.2965924467954238	0
166	[{17, 18}, {24}, {3, 4}]	{lemma_de,pos_ADP} {pos_DET} {pos_NOUN,feats_Gender=Masc}	14465.0	0.29657194406856113	0
582	[{18}, {24, 4, 5}, {3, 4, 5}]	{pos_ADP} {feats_Gender=Masc,feats_Number=Sing,pos_DET} {pos_NOUN,feats_Gender=Masc,feats_Number=Sing}	14464.0	0.2965514413416984	0
568	[{18}, {26, 5}, {26}]	{pos_ADP} {feats_Number=Sing,feats_Gender=Fem} {feats_Gender=Fem}	14443.0	0.2961208840775823	0
190	[{17}, {24, 27}, {26}]	{lemma_de} {pos_DET,feats_PronType=Art} {feats_Gender=Fem}	14442.0	0.29610038135071964	0
189	[{5}, {18}, {24, 27}, {5}]	{feats_Number=Sing} {pos_ADP} {pos_DET,feats_PronType=Art} {feats_Number=Sing}	14442.0	0.29610038135071964	0
9	[{17, 18}, {24, 27}, {26}]	{lemma_de,pos_ADP} {pos_DET,feats_PronType=Art} {feats_Gender=Fem}	14440.0	0.2960593758969943	0
336	[{5}, {18}, {24, 27, 5}, {5}]	{feats_Number=Sing} {pos_ADP} {feats_Number=Sing,pos_DET,feats_PronType=Art} {feats_Number=Sing}	14438.0	0.29601837044326895	0
380	[{3}, {17, 18}, {26}]	{pos_NOUN} {lemma_de,pos_ADP} {feats_Gender=Fem}	14416.0	0.2955673104522902	0
476	[{24, 5}, {3}, {5}]	{feats_Number=Sing,pos_DET} {pos_NOUN} {feats_Number=Sing}	14358.0	0.2943781522942551	0
547	[{730}, {24}, {26}]	{wp_▁de} {pos_DET} {feats_Gender=Fem}	14357.0	0.29435764956739247	0
533	[{3}, {18}, {24, 27}, {3}]	{pos_NOUN} {pos_ADP} {pos_DET,feats_PronType=Art} {pos_NOUN}	14355.0	0.2943166441136671	0
3	[{24, 5}, {3, 5}, {5}]	{feats_Number=Sing,pos_DET} {pos_NOUN,feats_Number=Sing} {feats_Number=Sing}	14354.0	0.29429614138680443	0
428	[{17, 18, 730}, {24}, {26}]	{lemma_de,pos_ADP,wp_▁de} {pos_DET} {feats_Gender=Fem}	14353.0	0.2942756386599418	0
429	[{18}, {26}, {26, 5}]	{pos_ADP} {feats_Gender=Fem} {feats_Number=Sing,feats_Gender=Fem}	14353.0	0.2942756386599418	0
553	[{26}, {18}, {24}]	{feats_Gender=Fem} {pos_ADP} {pos_DET}	14349.0	0.2941936277524911	0
214	[{728, 17, 18, 730}, {24}, {26}]	{lemma_de,pos_ADP,feats_de,wp_▁de} {pos_DET} {feats_Gender=Fem}	14333.0	0.2938655841226883	0
447	[{26, 3}, {18}, {5}]	{pos_NOUN,feats_Gender=Fem} {pos_ADP} {feats_Number=Sing}	14328.0	0.29376307048837497	0
602	[{18}, {26, 5}, {26, 5}]	{pos_ADP} {feats_Number=Sing,feats_Gender=Fem} {feats_Number=Sing,feats_Gender=Fem}	14323.0	0.2936605568540616	0
436	[{3}, {18}, {24, 27, 5}]	{pos_NOUN} {pos_ADP} {feats_Number=Sing,pos_DET,feats_PronType=Art}	14265.0	0.29247139869602656	0
205	[{4}, {18}, {24}]	{feats_Gender=Masc} {pos_ADP} {pos_DET}	14227.0	0.291692295075245	0
162	[{24, 27}, {3}, {730}]	{pos_DET,feats_PronType=Art} {pos_NOUN} {wp_▁de}	14207.0	0.29128224053799157	0
243	[{24, 27}, {3}, {17, 18, 730}]	{pos_DET,feats_PronType=Art} {pos_NOUN} {lemma_de,pos_ADP,wp_▁de}	14200.0	0.29113872144995284	0
246	[{24, 27}, {3}, {728, 17, 18, 730}]	{pos_DET,feats_PronType=Art} {pos_NOUN} {lemma_de,pos_ADP,feats_de,wp_▁de}	14188.0	0.29089268872760077	0
443	[{3}, {18}, {24, 25, 27, 23}]	{pos_NOUN} {pos_ADP} {lemma_le,pos_DET,feats_Definite=Def,feats_PronType=Art}	14187.0	0.2908721860007381	0
500	[{3}, {18}, {24, 27}, {5}]	{pos_NOUN} {pos_ADP} {pos_DET,feats_PronType=Art} {feats_Number=Sing}	14157.0	0.2902571041948579	0
154	[{3}, {18}, {24, 27, 5}, {5}]	{pos_NOUN} {pos_ADP} {feats_Number=Sing,pos_DET,feats_PronType=Art} {feats_Number=Sing}	14155.0	0.2902160987411326	0
544	[{5}, {18}, {5}, {3}]	{feats_Number=Sing} {pos_ADP} {feats_Number=Sing} {pos_NOUN}	14142.0	0.28994956329191784	0
108	[{18}, {24, 27}, {3}, {18}]	{pos_ADP} {pos_DET,feats_PronType=Art} {pos_NOUN} {pos_ADP}	14134.0	0.28978554147701646	0
257	[{24}, {3}, {105}]	{pos_DET} {pos_NOUN} {pos_PUNCT}	14132.0	0.2897445360232911	0
211	[{5}, {18}, {5}, {3, 5}]	{feats_Number=Sing} {pos_ADP} {feats_Number=Sing} {pos_NOUN,feats_Number=Sing}	14122.0	0.2895395087546644	0
196	[{4}, {4}, {18}]	{feats_Gender=Masc} {feats_Gender=Masc} {pos_ADP}	14094.0	0.28896543240250955	0
251	[{24, 25, 27}, {5}, {18}]	{pos_DET,feats_Definite=Def,feats_PronType=Art} {feats_Number=Sing} {pos_ADP}	14034.0	0.2877352687907492	0
415	[{24, 25, 27, 23}, {5}, {18}]	{lemma_le,pos_DET,feats_Definite=Def,feats_PronType=Art} {feats_Number=Sing} {pos_ADP}	14031.0	0.28767376061016114	0
315	[{17, 18}, {92}, {92}]	{lemma_de,pos_ADP} {feats_Number=Plur} {feats_Number=Plur}	14029.0	0.2876327551564358	0
382	[{24, 25, 27, 5}, {5}, {18}]	{feats_Number=Sing,pos_DET,feats_Definite=Def,feats_PronType=Art} {feats_Number=Sing} {pos_ADP}	14027.0	0.28759174970271045	0
383	[{5, 23, 24, 25, 27}, {5}, {18}]	{feats_Number=Sing,lemma_le,pos_DET,feats_Definite=Def,feats_PronType=Art} {feats_Number=Sing} {pos_ADP}	14024.0	0.2875302415221224	0
141	[{3}, {18}, {3, 5}]	{pos_NOUN} {pos_ADP} {pos_NOUN,feats_Number=Sing}	13971.0	0.2864435969984008	0
125	[{18}, {24, 27, 4, 5}, {3}]	{pos_ADP} {feats_Gender=Masc,feats_Number=Sing,pos_DET,feats_PronType=Art} {pos_NOUN}	13969.0	0.28640259154467546	0
534	[{18}, {24, 27, 4, 5}, {3, 4}]	{pos_ADP} {feats_Gender=Masc,feats_Number=Sing,pos_DET,feats_PronType=Art} {pos_NOUN,feats_Gender=Masc}	13966.0	0.2863410833640874	0
260	[{18}, {24, 27, 4, 5}, {3, 4, 5}]	{pos_ADP} {feats_Gender=Masc,feats_Number=Sing,pos_DET,feats_PronType=Art} {pos_NOUN,feats_Gender=Masc,feats_Number=Sing}	13951.0	0.2860335424611473	0
326	[{5}, {18}, {24}, {3, 5}]	{feats_Number=Sing} {pos_ADP} {pos_DET} {pos_NOUN,feats_Number=Sing}	13936.0	0.28572600155820727	0
337	[{5}, {18}, {24, 5}, {3}]	{feats_Number=Sing} {pos_ADP} {feats_Number=Sing,pos_DET} {pos_NOUN}	13934.0	0.2856849961044819	0
349	[{5}, {18}, {24, 5}, {3, 5}]	{feats_Number=Sing} {pos_ADP} {feats_Number=Sing,pos_DET} {pos_NOUN,feats_Number=Sing}	13933.0	0.28566449337761923	0
285	[{5}, {4}, {18}]	{feats_Number=Sing} {feats_Gender=Masc} {pos_ADP}	13913.0	0.2852544388403658	0
311	[{5}, {5}, {730}]	{feats_Number=Sing} {feats_Number=Sing} {wp_▁de}	13894.0	0.284864887029975	0
393	[{730}, {92}, {92}]	{wp_▁de} {feats_Number=Plur} {feats_Number=Plur}	13891.0	0.28480337884938695	0
309	[{5}, {5}, {730, 18}]	{feats_Number=Sing} {feats_Number=Sing} {pos_ADP,wp_▁de}	13873.0	0.28443432976585886	0
298	[{5}, {5}, {17, 18, 730}]	{feats_Number=Sing} {feats_Number=Sing} {lemma_de,pos_ADP,wp_▁de}	13872.0	0.2844138270389962	0
296	[{5}, {5}, {728, 17, 18, 730}]	{feats_Number=Sing} {feats_Number=Sing} {lemma_de,pos_ADP,feats_de,wp_▁de}	13854.0	0.28404477795546806	0
431	[{3}, {18}, {5}, {3}]	{pos_NOUN} {pos_ADP} {feats_Number=Sing} {pos_NOUN}	13804.0	0.28301964161233445	0
232	[{17}, {24, 27}, {26, 3}]	{lemma_de} {pos_DET,feats_PronType=Art} {pos_NOUN,feats_Gender=Fem}	13794.0	0.2828146143437077	0
173	[{17, 18}, {24, 27}, {26, 3}]	{lemma_de,pos_ADP} {pos_DET,feats_PronType=Art} {pos_NOUN,feats_Gender=Fem}	13792.0	0.2827736088899824	0
395	[{730}, {24}, {26, 3}]	{wp_▁de} {pos_DET} {pos_NOUN,feats_Gender=Fem}	13791.0	0.2827531061631197	0
143	[{17, 18, 730}, {24}, {26, 3}]	{lemma_de,pos_ADP,wp_▁de} {pos_DET} {pos_NOUN,feats_Gender=Fem}	13787.0	0.282671095255669	0
433	[{3}, {18}, {5}, {3, 5}]	{pos_NOUN} {pos_ADP} {feats_Number=Sing} {pos_NOUN,feats_Number=Sing}	13776.0	0.2824455652601796	0
434	[{18}, {24, 25, 27, 23}, {3, 92}]	{pos_ADP} {lemma_le,pos_DET,feats_Definite=Def,feats_PronType=Art} {pos_NOUN,feats_Number=Plur}	13776.0	0.2824455652601796	0
51	[{18}, {23, 24, 25, 27, 92}, {3}]	{pos_ADP} {lemma_le,pos_DET,feats_Definite=Def,feats_PronType=Art,feats_Number=Plur} {pos_NOUN}	13772.0	0.2823635543527289	0
488	[{18}, {23, 24, 25, 27, 92}, {3, 92}]	{pos_ADP} {lemma_le,pos_DET,feats_Definite=Def,feats_PronType=Art,feats_Number=Plur} {pos_NOUN,feats_Number=Plur}	13771.0	0.28234305162586626	0
153	[{728, 17, 18, 730}, {24}, {26, 3}]	{lemma_de,pos_ADP,feats_de,wp_▁de} {pos_DET} {pos_NOUN,feats_Gender=Fem}	13766.0	0.28224053799155285	0
490	[{18}, {881, 23, 24, 25, 27, 92}, {3}]	{pos_ADP} {lemma_le,pos_DET,feats_Definite=Def,feats_PronType=Art,feats_Number=Plur,wp_▁les} {pos_NOUN}	13765.0	0.2822200352646902	0
18	[{18}, {881, 23, 24, 25, 27, 92}, {3, 92}]	{pos_ADP} {lemma_le,pos_DET,feats_Definite=Def,feats_PronType=Art,feats_Number=Plur,wp_▁les} {pos_NOUN,feats_Number=Plur}	13764.0	0.28219953253782754	0
491	[{24}, {4}, {18}]	{pos_DET} {feats_Gender=Masc} {pos_ADP}	13756.0	0.28203551072292615	0
264	[{24, 25, 27}, {3}, {18}, {5}]	{pos_DET,feats_Definite=Def,feats_PronType=Art} {pos_NOUN} {pos_ADP} {feats_Number=Sing}	13750.0	0.2819124943617501	0
412	[{24, 25, 27, 23}, {3}, {18}, {5}]	{lemma_le,pos_DET,feats_Definite=Def,feats_PronType=Art} {pos_NOUN} {pos_ADP} {feats_Number=Sing}	13747.0	0.2818509861811621	0
49	[{17, 18, 878, 730}, {24, 25, 27, 23}, {4}]	{lemma_de,pos_ADP,wp_▁de,dep_de} {lemma_le,pos_DET,feats_Definite=Def,feats_PronType=Art} {feats_Gender=Masc}	13682.0	0.2805183089350884	0
85	[{17, 18, 730}, {24}, {3, 4}]	{lemma_de,pos_ADP,wp_▁de} {pos_DET} {pos_NOUN,feats_Gender=Masc}	13680.0	0.280477303481363	0
43	[{24}, {26}, {26}]	{pos_DET} {feats_Gender=Fem} {feats_Gender=Fem}	13679.0	0.28045680075450036	0
7	[{17}, {24, 25, 27}, {26}]	{lemma_de} {pos_DET,feats_Definite=Def,feats_PronType=Art} {feats_Gender=Fem}	13668.0	0.28023127075901094	0
75	[{17}, {23}, {26}]	{lemma_de} {lemma_le} {feats_Gender=Fem}	13667.0	0.2802107680321483	0
76	[{24}, {3}, {17, 18}, {5}]	{pos_DET} {pos_NOUN} {lemma_de,pos_ADP} {feats_Number=Sing}	13667.0	0.2802107680321483	0
22	[{17}, {24, 25, 27, 23}, {26}]	{lemma_de} {lemma_le,pos_DET,feats_Definite=Def,feats_PronType=Art} {feats_Gender=Fem}	13666.0	0.2801902653052856	0
23	[{17, 18}, {24, 25, 27}, {26}]	{lemma_de,pos_ADP} {pos_DET,feats_Definite=Def,feats_PronType=Art} {feats_Gender=Fem}	13666.0	0.2801902653052856	0
187	[{17, 18}, {23}, {26}]	{lemma_de,pos_ADP} {lemma_le} {feats_Gender=Fem}	13665.0	0.2801697625784229	0
188	[{17, 18}, {24, 25, 27, 23}, {26}]	{lemma_de,pos_ADP} {lemma_le,pos_DET,feats_Definite=Def,feats_PronType=Art} {feats_Gender=Fem}	13664.0	0.28014925985156025	0
230	[{878, 17, 18, 728, 730}, {24, 25, 27, 23}, {4}]	{lemma_de,pos_ADP,feats_de,wp_▁de,dep_de} {lemma_le,pos_DET,feats_Definite=Def,feats_PronType=Art} {feats_Gender=Masc}	13655.0	0.2799647353097962	0
361	[{5}, {3}, {17, 18}]	{feats_Number=Sing} {pos_NOUN} {lemma_de,pos_ADP}	13654.0	0.27994423258293355	0
379	[{728, 17, 18, 730}, {24}, {3, 4}]	{lemma_de,pos_ADP,feats_de,wp_▁de} {pos_DET} {pos_NOUN,feats_Gender=Masc}	13647.0	0.2798007134948948	0
273	[{24, 27}, {3}, {5}]	{pos_DET,feats_PronType=Art} {pos_NOUN} {feats_Number=Sing}	13640.0	0.2796571944068561	0
377	[{5}, {3, 5}, {17, 18}]	{feats_Number=Sing} {pos_NOUN,feats_Number=Sing} {lemma_de,pos_ADP}	13621.0	0.2792676425964653	0
40	[{728, 17, 18, 730}, {92}, {92}]	{lemma_de,pos_ADP,feats_de,wp_▁de} {feats_Number=Plur} {feats_Number=Plur}	13617.0	0.2791856316890146	0
10	[{17, 18}, {24, 27}, {3, 4}]	{lemma_de,pos_ADP} {pos_DET,feats_PronType=Art} {pos_NOUN,feats_Gender=Masc}	13615.0	0.2791446262352893	0
288	[{5}, {4, 5}, {18}]	{feats_Number=Sing} {feats_Gender=Masc,feats_Number=Sing} {pos_ADP}	13610.0	0.27904211260097594	0
135	[{3, 5}, {18}, {24}]	{pos_NOUN,feats_Number=Sing} {pos_ADP} {pos_DET}	13608.0	0.27900110714725057	0
385	[{730}, {24, 27}, {26}]	{wp_▁de} {pos_DET,feats_PronType=Art} {feats_Gender=Fem}	13607.0	0.2789806044203879	0
384	[{730}, {23}, {26}]	{wp_▁de} {lemma_le} {feats_Gender=Fem}	13607.0	0.2789806044203879	0
117	[{730}, {24, 25, 27, 23}, {26}]	{wp_▁de} {lemma_le,pos_DET,feats_Definite=Def,feats_PronType=Art} {feats_Gender=Fem}	13606.0	0.27896010169352525	0
55	[{17, 18, 730}, {24, 27}, {26}]	{lemma_de,pos_ADP,wp_▁de} {pos_DET,feats_PronType=Art} {feats_Gender=Fem}	13603.0	0.2788985935129372	0
54	[{17, 18, 730}, {23}, {26}]	{lemma_de,pos_ADP,wp_▁de} {lemma_le} {feats_Gender=Fem}	13603.0	0.2788985935129372	0
206	[{17, 18, 730}, {24, 25, 27, 23}, {26}]	{lemma_de,pos_ADP,wp_▁de} {lemma_le,pos_DET,feats_Definite=Def,feats_PronType=Art} {feats_Gender=Fem}	13602.0	0.27887809078607456	0
357	[{5}, {18}, {3}]	{feats_Number=Sing} {pos_ADP} {pos_NOUN}	13598.0	0.27879607987862387	0
88	[{728, 17, 18, 730}, {23}, {26}]	{lemma_de,pos_ADP,feats_de,wp_▁de} {lemma_le} {feats_Gender=Fem}	13583.0	0.27848853897568376	0
89	[{728, 17, 18, 730}, {24, 27}, {26}]	{lemma_de,pos_ADP,feats_de,wp_▁de} {pos_DET,feats_PronType=Art} {feats_Gender=Fem}	13583.0	0.27848853897568376	0
140	[{728, 17, 18, 730}, {24, 25, 27, 23}, {26}]	{lemma_de,pos_ADP,feats_de,wp_▁de} {lemma_le,pos_DET,feats_Definite=Def,feats_PronType=Art} {feats_Gender=Fem}	13582.0	0.2784680362488211	0
555	[{3}, {18}, {24}, {3, 5}]	{pos_NOUN} {pos_ADP} {pos_DET} {pos_NOUN,feats_Number=Sing}	13562.0	0.27805798171156765	0
554	[{3}, {18}, {24, 5}, {3}]	{pos_NOUN} {pos_ADP} {feats_Number=Sing,pos_DET} {pos_NOUN}	13562.0	0.27805798171156765	0
254	[{3}, {18}, {24, 5}, {3, 5}]	{pos_NOUN} {pos_ADP} {feats_Number=Sing,pos_DET} {pos_NOUN,feats_Number=Sing}	13560.0	0.2780169762578423	0
584	[{24, 25, 27, 5}, {3}, {18}]	{feats_Number=Sing,pos_DET,feats_Definite=Def,feats_PronType=Art} {pos_NOUN} {pos_ADP}	13558.0	0.27797597080411696	0
585	[{24, 25, 27}, {3, 5}, {18}]	{pos_DET,feats_Definite=Def,feats_PronType=Art} {pos_NOUN,feats_Number=Sing} {pos_ADP}	13558.0	0.27797597080411696	0
217	[{4}, {17, 18}, {5}]	{feats_Gender=Masc} {lemma_de,pos_ADP} {feats_Number=Sing}	13555.0	0.2779144626235289	0
218	[{5, 23, 24, 25, 27}, {3}, {18}]	{feats_Number=Sing,lemma_le,pos_DET,feats_Definite=Def,feats_PronType=Art} {pos_NOUN} {pos_ADP}	13555.0	0.2779144626235289	0
219	[{24, 25, 27, 23}, {3, 5}, {18}]	{lemma_le,pos_DET,feats_Definite=Def,feats_PronType=Art} {pos_NOUN,feats_Number=Sing} {pos_ADP}	13555.0	0.2779144626235289	0
416	[{24, 25, 27, 5}, {3, 5}, {18}]	{feats_Number=Sing,pos_DET,feats_Definite=Def,feats_PronType=Art} {pos_NOUN,feats_Number=Sing} {pos_ADP}	13551.0	0.27783245171607823	0
495	[{5, 23, 24, 25, 27}, {3, 5}, {18}]	{feats_Number=Sing,lemma_le,pos_DET,feats_Definite=Def,feats_PronType=Art} {pos_NOUN,feats_Number=Sing} {pos_ADP}	13548.0	0.2777709435354902	0
133	[{3, 5}, {17, 18}, {5}]	{pos_NOUN,feats_Number=Sing} {lemma_de,pos_ADP} {feats_Number=Sing}	13536.0	0.2775249108131381	0
95	[{24}, {3, 4}, {18}]	{pos_DET} {pos_NOUN,feats_Gender=Masc} {pos_ADP}	13435.0	0.2754541354000082	0
241	[{5}, {26}, {18}]	{feats_Number=Sing} {feats_Gender=Fem} {pos_ADP}	13422.0	0.27518759995079345	0
212	[{4}, {18}, {5}, {5}]	{feats_Gender=Masc} {pos_ADP} {feats_Number=Sing} {feats_Number=Sing}	13353.0	0.27377291179726904	0
265	[{24, 25, 27}, {5}, {5}]	{pos_DET,feats_Definite=Def,feats_PronType=Art} {feats_Number=Sing} {feats_Number=Sing}	13339.0	0.27348587362119164	0
110	[{24, 25, 27, 5}, {5}, {5}]	{feats_Number=Sing,pos_DET,feats_Definite=Def,feats_PronType=Art} {feats_Number=Sing} {feats_Number=Sing}	13338.0	0.27346537089432893	0
25	[{24, 25, 27, 23}, {5}, {5}]	{lemma_le,pos_DET,feats_Definite=Def,feats_PronType=Art} {feats_Number=Sing} {feats_Number=Sing}	13337.0	0.27344486816746627	0
290	[{5, 23, 24, 25, 27}, {5}, {5}]	{feats_Number=Sing,lemma_le,pos_DET,feats_Definite=Def,feats_PronType=Art} {feats_Number=Sing} {feats_Number=Sing}	13336.0	0.2734243654406036	0
391	[{92}, {92}, {105}]	{feats_Number=Plur} {feats_Number=Plur} {pos_PUNCT}	13333.0	0.2733628572600156	0
199	[{24}, {26}, {18}]	{pos_DET} {feats_Gender=Fem} {pos_ADP}	13322.0	0.27313732726452616	0
369	[{24, 27, 5}, {3}, {5}]	{feats_Number=Sing,pos_DET,feats_PronType=Art} {pos_NOUN} {feats_Number=Sing}	13319.0	0.2730758190839382	0
525	[{24, 27, 5}, {3, 5}, {5}]	{feats_Number=Sing,pos_DET,feats_PronType=Art} {pos_NOUN,feats_Number=Sing} {feats_Number=Sing}	13315.0	0.2729938081764875	0
278	[{5}, {18}, {26, 5}]	{feats_Number=Sing} {pos_ADP} {feats_Number=Sing,feats_Gender=Fem}	13292.0	0.272522245458646	0
567	[{26}, {18}, {24, 27}]	{feats_Gender=Fem} {pos_ADP} {pos_DET,feats_PronType=Art}	13276.0	0.27219420182884324	0
229	[{4}, {4}, {105}]	{feats_Gender=Masc} {feats_Gender=Masc} {pos_PUNCT}	13266.0	0.2719891745602165	0
163	[{24}, {26, 3}, {18}]	{pos_DET} {pos_NOUN,feats_Gender=Fem} {pos_ADP}	13230.0	0.2712510763931603	0
314	[{5}, {26, 5}, {18}]	{feats_Number=Sing} {feats_Number=Sing,feats_Gender=Fem} {pos_ADP}	13224.0	0.27112806003198425	0
58	[{24}, {92}, {92}]	{pos_DET} {feats_Number=Plur} {feats_Number=Plur}	13217.0	0.27098454094394553	0
225	[{24, 92}, {92}, {92}]	{pos_DET,feats_Number=Plur} {feats_Number=Plur} {feats_Number=Plur}	13212.0	0.2708820273096322	0
347	[{5}, {18}, {24, 25, 27, 5}]	{feats_Number=Sing} {pos_ADP} {feats_Number=Sing,pos_DET,feats_Definite=Def,feats_PronType=Art}	13179.0	0.270205437323164	0
355	[{5}, {18}, {5, 23, 24, 25, 27}]	{feats_Number=Sing} {pos_ADP} {feats_Number=Sing,lemma_le,pos_DET,feats_Definite=Def,feats_PronType=Art}	13178.0	0.27018493459630133	0
220	[{5}, {18}, {24, 27, 5}, {3}]	{feats_Number=Sing} {pos_ADP} {feats_Number=Sing,pos_DET,feats_PronType=Art} {pos_NOUN}	13166.0	0.26993890187394926	0
221	[{5}, {18}, {24, 27}, {3, 5}]	{feats_Number=Sing} {pos_ADP} {pos_DET,feats_PronType=Art} {pos_NOUN,feats_Number=Sing}	13166.0	0.26993890187394926	0
339	[{5}, {18}, {24, 27, 5}, {3, 5}]	{feats_Number=Sing} {pos_ADP} {feats_Number=Sing,pos_DET,feats_PronType=Art} {pos_NOUN,feats_Number=Sing}	13165.0	0.26991839914708654	0
483	[{26}, {18}, {5}, {5}]	{feats_Gender=Fem} {pos_ADP} {feats_Number=Sing} {feats_Number=Sing}	13163.0	0.2698773936933612	0
197	[{24, 27}, {3}, {17, 18}, {5}]	{pos_DET,feats_PronType=Art} {pos_NOUN} {lemma_de,pos_ADP} {feats_Number=Sing}	13129.0	0.2691803009800303	0
1	[{17}, {24, 25, 27}, {26, 3}]	{lemma_de} {pos_DET,feats_Definite=Def,feats_PronType=Art} {pos_NOUN,feats_Gender=Fem}	13112.0	0.2688317546233649	0
26	[{5}, {18}, {24, 25, 27}, {3}]	{feats_Number=Sing} {pos_ADP} {pos_DET,feats_Definite=Def,feats_PronType=Art} {pos_NOUN}	13110.0	0.2687907491696396	0
28	[{17, 18}, {24, 25, 27}, {26, 3}]	{lemma_de,pos_ADP} {pos_DET,feats_Definite=Def,feats_PronType=Art} {pos_NOUN,feats_Gender=Fem}	13110.0	0.2687907491696396	0
27	[{17}, {24, 25, 27, 23}, {26, 3}]	{lemma_de} {lemma_le,pos_DET,feats_Definite=Def,feats_PronType=Art} {pos_NOUN,feats_Gender=Fem}	13110.0	0.2687907491696396	0
327	[{5}, {18}, {24, 25, 27, 23}, {3}]	{feats_Number=Sing} {pos_ADP} {lemma_le,pos_DET,feats_Definite=Def,feats_PronType=Art} {pos_NOUN}	13109.0	0.2687702464427769	0
68	[{17, 18}, {24, 25, 27, 23}, {26, 3}]	{lemma_de,pos_ADP} {lemma_le,pos_DET,feats_Definite=Def,feats_PronType=Art} {pos_NOUN,feats_Gender=Fem}	13108.0	0.2687497437159142	0
465	[{3, 5}, {18}, {5}, {5}]	{pos_NOUN,feats_Number=Sing} {pos_ADP} {feats_Number=Sing} {feats_Number=Sing}	13107.0	0.26872924098905154	0
181	[{5}, {18}, {23}, {5}]	{feats_Number=Sing} {pos_ADP} {lemma_le} {feats_Number=Sing}	13087.0	0.2683191864517981	0
182	[{5}, {18}, {24, 25, 27}, {5}]	{feats_Number=Sing} {pos_ADP} {pos_DET,feats_Definite=Def,feats_PronType=Art} {feats_Number=Sing}	13087.0	0.2683191864517981	0
331	[{5}, {18}, {24, 25, 27, 23}, {5}]	{feats_Number=Sing} {pos_ADP} {lemma_le,pos_DET,feats_Definite=Def,feats_PronType=Art} {feats_Number=Sing}	13086.0	0.2682986837249354	0
345	[{5}, {18}, {24, 25, 27, 5}, {5}]	{feats_Number=Sing} {pos_ADP} {feats_Number=Sing,pos_DET,feats_Definite=Def,feats_PronType=Art} {feats_Number=Sing}	13083.0	0.2682371755443474	0
350	[{5}, {18}, {5, 23, 24, 25, 27}, {5}]	{feats_Number=Sing} {pos_ADP} {feats_Number=Sing,lemma_le,pos_DET,feats_Definite=Def,feats_PronType=Art} {feats_Number=Sing}	13082.0	0.26821667281748474	0
150	[{4}, {18}, {24, 27}]	{feats_Gender=Masc} {pos_ADP} {pos_DET,feats_PronType=Art}	13068.0	0.2679296346414073	0
271	[{92}, {3}, {92}]	{feats_Number=Plur} {pos_NOUN} {feats_Number=Plur}	13065.0	0.2678681264608193	0
442	[{3}, {18}, {5, 23, 24, 25, 27}]	{pos_NOUN} {pos_ADP} {feats_Number=Sing,lemma_le,pos_DET,feats_Definite=Def,feats_PronType=Art}	13063.0	0.26782712100709394	0
236	[{18}, {24, 25, 27, 23}, {3}, {18}]	{pos_ADP} {lemma_le,pos_DET,feats_Definite=Def,feats_PronType=Art} {pos_NOUN} {pos_ADP}	13061.0	0.2677861155533686	0
387	[{730}, {24, 27}, {26, 3}]	{wp_▁de} {pos_DET,feats_PronType=Art} {pos_NOUN,feats_Gender=Fem}	13054.0	0.2676425964653299	0
594	[{730}, {24, 25, 27, 23}, {26, 3}]	{wp_▁de} {lemma_le,pos_DET,feats_Definite=Def,feats_PronType=Art} {pos_NOUN,feats_Gender=Fem}	13053.0	0.26762209373846724	0
91	[{17, 18, 730}, {24, 27}, {26, 3}]	{lemma_de,pos_ADP,wp_▁de} {pos_DET,feats_PronType=Art} {pos_NOUN,feats_Gender=Fem}	13050.0	0.2675605855578792	0
15	[{24, 27}, {4}, {18}]	{pos_DET,feats_PronType=Art} {feats_Gender=Masc} {pos_ADP}	13049.0	0.26754008283101655	0
14	[{17, 18, 730}, {24, 25, 27, 23}, {26, 3}]	{lemma_de,pos_ADP,wp_▁de} {lemma_le,pos_DET,feats_Definite=Def,feats_PronType=Art} {pos_NOUN,feats_Gender=Fem}	13049.0	0.26754008283101655	0
305	[{5}, {730}, {5}]	{feats_Number=Sing} {wp_▁de} {feats_Number=Sing}	13042.0	0.2673965637429778	0
304	[{5}, {5}, {18}, {24}]	{feats_Number=Sing} {feats_Number=Sing} {pos_ADP} {pos_DET}	13042.0	0.2673965637429778	0
359	[{5}, {730, 18}, {5}]	{feats_Number=Sing} {pos_ADP,wp_▁de} {feats_Number=Sing}	13037.0	0.26729405010866447	0
292	[{5}, {17, 18, 730}, {5}]	{feats_Number=Sing} {lemma_de,pos_ADP,wp_▁de} {feats_Number=Sing}	13036.0	0.26727354738180176	0
138	[{728, 17, 18, 730}, {24, 27}, {26, 3}]	{lemma_de,pos_ADP,feats_de,wp_▁de} {pos_DET,feats_PronType=Art} {pos_NOUN,feats_Gender=Fem}	13029.0	0.2671300282937631	0
32	[{728, 17, 18, 730}, {24, 25, 27, 23}, {26, 3}]	{lemma_de,pos_ADP,feats_de,wp_▁de} {lemma_le,pos_DET,feats_Definite=Def,feats_PronType=Art} {pos_NOUN,feats_Gender=Fem}	13028.0	0.2671095255669004	0
231	[{24, 27}, {26}, {26}]	{pos_DET,feats_PronType=Art} {feats_Gender=Fem} {feats_Gender=Fem}	13025.0	0.2670480173863124	0
293	[{5}, {728, 17, 18, 730}, {5}]	{feats_Number=Sing} {lemma_de,pos_ADP,feats_de,wp_▁de} {feats_Number=Sing}	13017.0	0.266883995571411	0
248	[{4, 5}, {18}, {5}]	{feats_Gender=Masc,feats_Number=Sing} {pos_ADP} {feats_Number=Sing}	13012.0	0.2667814819370976	0
531	[{26}, {18}, {24}, {3}]	{feats_Gender=Fem} {pos_ADP} {pos_DET} {pos_NOUN}	13001.0	0.26655595194160825	0
19	[{24, 23}, {3}, {11}]	{lemma_le,pos_DET} {pos_NOUN} {pos_ADJ}	12995.0	0.2664329355804322	0
420	[{24, 25, 27, 23}, {3}, {11}]	{lemma_le,pos_DET,feats_Definite=Def,feats_PronType=Art} {pos_NOUN} {pos_ADJ}	12993.0	0.26639193012670687	0
17	[{17, 18}, {5}, {4}]	{lemma_de,pos_ADP} {feats_Number=Sing} {feats_Gender=Masc}	12986.0	0.26624841103866814	0
334	[{3}, {18}, {24, 25, 27, 23}, {5}]	{pos_NOUN} {pos_ADP} {lemma_le,pos_DET,feats_Definite=Def,feats_PronType=Art} {feats_Number=Sing}	12975.0	0.2660228810431787	0
575	[{3}, {18}, {5, 23, 24, 25, 27}, {5}]	{pos_NOUN} {pos_ADP} {feats_Number=Sing,lemma_le,pos_DET,feats_Definite=Def,feats_PronType=Art} {feats_Number=Sing}	12973.0	0.2659818755894534	0
542	[{24}, {5}, {17}]	{pos_DET} {feats_Number=Sing} {lemma_de}	12962.0	0.265756345593964	0
224	[{24}, {5}, {17, 18}]	{pos_DET} {feats_Number=Sing} {lemma_de,pos_ADP}	12961.0	0.26573584286710134	0
270	[{24, 5}, {5}, {17}]	{feats_Number=Sing,pos_DET} {feats_Number=Sing} {lemma_de}	12950.0	0.2655103128716119	0
109	[{24, 5}, {5}, {17, 18}]	{feats_Number=Sing,pos_DET} {feats_Number=Sing} {lemma_de,pos_ADP}	12949.0	0.26548981014474926	0
374	[{18}, {24, 26}, {26}]	{pos_ADP} {pos_DET,feats_Gender=Fem} {feats_Gender=Fem}	12929.0	0.2650797556074958	0
194	[{4}, {5}, {18}]	{feats_Gender=Masc} {feats_Number=Sing} {pos_ADP}	12914.0	0.2647722147045557	0
228	[{24}, {4}, {4}]	{pos_DET} {feats_Gender=Masc} {feats_Gender=Masc}	12877.0	0.2640136138106368	0
275	[{17, 18}, {5}, {26}]	{lemma_de,pos_ADP} {feats_Number=Sing} {feats_Gender=Fem}	12871.0	0.26389059744946075	0
11	[{24}, {5}, {105}]	{pos_DET} {feats_Number=Sing} {pos_PUNCT}	12856.0	0.2635830565465207	0
378	[{24, 5}, {5}, {105}]	{feats_Number=Sing,pos_DET} {feats_Number=Sing} {pos_PUNCT}	12852.0	0.26350104563907	0
508	[{3}, {18}, {24, 27, 5}, {3}]	{pos_NOUN} {pos_ADP} {feats_Number=Sing,pos_DET,feats_PronType=Art} {pos_NOUN}	12843.0	0.26331652109730597	0
114	[{3}, {18}, {24, 27, 5}, {3, 5}]	{pos_NOUN} {pos_ADP} {feats_Number=Sing,pos_DET,feats_PronType=Art} {pos_NOUN,feats_Number=Sing}	12842.0	0.26329601837044325	0
207	[{4}, {18}, {26}]	{feats_Gender=Masc} {pos_ADP} {feats_Gender=Fem}	12833.0	0.2631114938286792	0
61	[{24}, {3, 5}, {17, 18}]	{pos_DET} {pos_NOUN,feats_Number=Sing} {lemma_de,pos_ADP}	12830.0	0.2630499856480912	0
227	[{17, 18}, {24, 25, 27, 23}, {3, 4}]	{lemma_de,pos_ADP} {lemma_le,pos_DET,feats_Definite=Def,feats_PronType=Art} {pos_NOUN,feats_Gender=Masc}	12823.0	0.2629064665600525	0
226	[{24, 5}, {3}, {17, 18}]	{feats_Number=Sing,pos_DET} {pos_NOUN} {lemma_de,pos_ADP}	12823.0	0.2629064665600525	0
583	[{24, 5}, {3, 5}, {17, 18}]	{feats_Number=Sing,pos_DET} {pos_NOUN,feats_Number=Sing} {lemma_de,pos_ADP}	12818.0	0.2628039529257391	0
430	[{3}, {18}, {24, 25, 27, 23}, {3}]	{pos_NOUN} {pos_ADP} {lemma_le,pos_DET,feats_Definite=Def,feats_PronType=Art} {pos_NOUN}	12815.0	0.2627424447451511	0
530	[{18}, {24, 26, 5}, {5}]	{pos_ADP} {feats_Number=Sing,pos_DET,feats_Gender=Fem} {feats_Number=Sing}	12808.0	0.2625989256571124	0
365	[{18}, {24, 26, 5}, {26}]	{pos_ADP} {feats_Number=Sing,pos_DET,feats_Gender=Fem} {feats_Gender=Fem}	12806.0	0.26255792020338703	0
364	[{5}, {3}, {18}, {5}]	{feats_Number=Sing} {pos_NOUN} {pos_ADP} {feats_Number=Sing}	12806.0	0.26255792020338703	0
407	[{18}, {24, 26, 5}, {26, 5}]	{pos_ADP} {feats_Number=Sing,pos_DET,feats_Gender=Fem} {feats_Number=Sing,feats_Gender=Fem}	12802.0	0.26247590929593634	0
577	[{4, 5}, {5}, {18}]	{feats_Gender=Masc,feats_Number=Sing} {feats_Number=Sing} {pos_ADP}	12800.0	0.262434903842211	0
113	[{17, 18, 730}, {24, 27}, {3, 4}]	{lemma_de,pos_ADP,wp_▁de} {pos_DET,feats_PronType=Art} {pos_NOUN,feats_Gender=Masc}	12798.0	0.26239389838848565	0
65	[{17, 18, 730}, {24, 25, 27, 23}, {3, 4}]	{lemma_de,pos_ADP,wp_▁de} {lemma_le,pos_DET,feats_Definite=Def,feats_PronType=Art} {pos_NOUN,feats_Gender=Masc}	12796.0	0.26235289293476033	0
263	[{5}, {18}, {24}, {26}]	{feats_Number=Sing} {pos_ADP} {pos_DET} {feats_Gender=Fem}	12775.0	0.2619223356706442	0
132	[{728, 17, 18, 730}, {24, 27}, {3, 4}]	{lemma_de,pos_ADP,feats_de,wp_▁de} {pos_DET,feats_PronType=Art} {pos_NOUN,feats_Gender=Masc}	12767.0	0.26175831385574283	0
111	[{728, 17, 18, 730}, {24, 25, 27, 23}, {3, 4}]	{lemma_de,pos_ADP,feats_de,wp_▁de} {lemma_le,pos_DET,feats_Definite=Def,feats_PronType=Art} {pos_NOUN,feats_Gender=Masc}	12765.0	0.26171730840201746	0
446	[{3}, {17, 18}, {26, 5}]	{pos_NOUN} {lemma_de,pos_ADP} {feats_Number=Sing,feats_Gender=Fem}	12760.0	0.2616147947677041	0
78	[{4}, {18}, {24}, {3}]	{feats_Gender=Masc} {pos_ADP} {pos_DET} {pos_NOUN}	12735.0	0.2611022265961373	0
240	[{18}, {4, 5, 24, 25, 27}, {3}]	{pos_ADP} {feats_Gender=Masc,feats_Number=Sing,pos_DET,feats_Definite=Def,feats_PronType=Art} {pos_NOUN}	12734.0	0.26108172386927464	0
152	[{18}, {4, 5, 23, 24, 25, 27}, {3}]	{pos_ADP} {feats_Gender=Masc,feats_Number=Sing,lemma_le,pos_DET,feats_Definite=Def,feats_PronType=Art} {pos_NOUN}	12733.0	0.2610612211424119	0
493	[{18}, {4, 5, 24, 25, 27}, {3, 4}]	{pos_ADP} {feats_Gender=Masc,feats_Number=Sing,pos_DET,feats_Definite=Def,feats_PronType=Art} {pos_NOUN,feats_Gender=Masc}	12731.0	0.2610202156886866	0
342	[{18}, {4, 5, 23, 24, 25, 27}, {3, 4}]	{pos_ADP} {feats_Gender=Masc,feats_Number=Sing,lemma_le,pos_DET,feats_Definite=Def,feats_PronType=Art} {pos_NOUN,feats_Gender=Masc}	12730.0	0.26099971296182395	0
454	[{26, 5}, {18}, {5}]	{feats_Number=Sing,feats_Gender=Fem} {pos_ADP} {feats_Number=Sing}	12729.0	0.26097921023496123	0
367	[{5}, {3, 5}, {18}, {5}]	{feats_Number=Sing} {pos_NOUN,feats_Number=Sing} {pos_ADP} {feats_Number=Sing}	12728.0	0.2609587075080986	0
435	[{17, 18}, {5}, {4, 5}]	{lemma_de,pos_ADP} {feats_Number=Sing} {feats_Gender=Masc,feats_Number=Sing}	12727.0	0.2609382047812359	0
129	[{18}, {44}, {3}]	{pos_ADP} {wp_▁le} {pos_NOUN}	12723.0	0.2608561938737852	0
35	[{18}, {4, 5, 44}, {3}]	{pos_ADP} {feats_Gender=Masc,feats_Number=Sing,wp_▁le} {pos_NOUN}	12722.0	0.26083569114692257	0
82	[{18}, {4, 5, 44, 23, 24, 25, 27}, {3}]	{pos_ADP} {feats_Gender=Masc,feats_Number=Sing,lemma_le,pos_DET,feats_Definite=Def,feats_PronType=Art,wp_▁le} {pos_NOUN}	12721.0	0.26081518842005985	0
352	[{18}, {44}, {3, 4}]	{pos_ADP} {wp_▁le} {pos_NOUN,feats_Gender=Masc}	12720.0	0.2607946856931972	0
599	[{18}, {4, 5, 44}, {3, 4}]	{pos_ADP} {feats_Gender=Masc,feats_Number=Sing,wp_▁le} {pos_NOUN,feats_Gender=Masc}	12719.0	0.26077418296633453	0
466	[{18}, {4, 5, 44, 23, 24, 25, 27}, {3, 4}]	{pos_ADP} {feats_Gender=Masc,feats_Number=Sing,lemma_le,pos_DET,feats_Definite=Def,feats_PronType=Art,wp_▁le} {pos_NOUN,feats_Gender=Masc}	12718.0	0.2607536802394719	0
516	[{18}, {4, 5, 24, 25, 27}, {3, 4, 5}]	{pos_ADP} {feats_Gender=Masc,feats_Number=Sing,pos_DET,feats_Definite=Def,feats_PronType=Art} {pos_NOUN,feats_Gender=Masc,feats_Number=Sing}	12716.0	0.2607126747857465	0
580	[{18}, {4, 5, 23, 24, 25, 27}, {3, 4, 5}]	{pos_ADP} {feats_Gender=Masc,feats_Number=Sing,lemma_le,pos_DET,feats_Definite=Def,feats_PronType=Art} {pos_NOUN,feats_Gender=Masc,feats_Number=Sing}	12715.0	0.26069217205888384	0
510	[{3}, {17, 18}, {5}, {5}]	{pos_NOUN} {lemma_de,pos_ADP} {feats_Number=Sing} {feats_Number=Sing}	12714.0	0.2606716693320212	0
93	[{17, 18}, {5}, {26, 5}]	{lemma_de,pos_ADP} {feats_Number=Sing} {feats_Number=Sing,feats_Gender=Fem}	12711.0	0.26061016115143315	0
94	[{24, 27}, {3, 4}, {18}]	{pos_DET,feats_PronType=Art} {pos_NOUN,feats_Gender=Masc} {pos_ADP}	12711.0	0.26061016115143315	0
572	[{18}, {44}, {3, 4, 5}]	{pos_ADP} {wp_▁le} {pos_NOUN,feats_Gender=Masc,feats_Number=Sing}	12705.0	0.2604871447902571	0
518	[{18}, {4, 5, 44}, {3, 4, 5}]	{pos_ADP} {feats_Gender=Masc,feats_Number=Sing,wp_▁le} {pos_NOUN,feats_Gender=Masc,feats_Number=Sing}	12704.0	0.2604666420633944	0
464	[{18}, {4, 5, 44, 23, 24, 25, 27}, {3, 4, 5}]	{pos_ADP} {feats_Gender=Masc,feats_Number=Sing,lemma_le,pos_DET,feats_Definite=Def,feats_PronType=Art,wp_▁le} {pos_NOUN,feats_Gender=Masc,feats_Number=Sing}	12703.0	0.26044613933653177	0
573	[{26}, {26}, {18}]	{feats_Gender=Fem} {feats_Gender=Fem} {pos_ADP}	12690.0	0.26017960388731703	0
235	[{18}, {92}, {4}]	{pos_ADP} {feats_Number=Plur} {feats_Gender=Masc}	12663.0	0.25962603026202485	0
121	[{5}, {5}, {11}]	{feats_Number=Sing} {feats_Number=Sing} {pos_ADJ}	12661.0	0.2595850248082995	0
52	[{24, 27}, {5}, {17}]	{pos_DET,feats_PronType=Art} {feats_Number=Sing} {lemma_de}	12630.0	0.25894944027555666	0
87	[{24, 27}, {5}, {17, 18}]	{pos_DET,feats_PronType=Art} {feats_Number=Sing} {lemma_de,pos_ADP}	12629.0	0.25892893754869395	0
177	[{24, 27}, {26}, {18}]	{pos_DET,feats_PronType=Art} {feats_Gender=Fem} {pos_ADP}	12621.0	0.2587649157337926	0
176	[{24, 27, 5}, {5}, {17}]	{feats_Number=Sing,pos_DET,feats_PronType=Art} {feats_Number=Sing} {lemma_de}	12621.0	0.2587649157337926	0
147	[{24, 27, 5}, {5}, {17, 18}]	{feats_Number=Sing,pos_DET,feats_PronType=Art} {feats_Number=Sing} {lemma_de,pos_ADP}	12620.0	0.2587444130069299	0
107	[{24, 25, 27}, {3}, {730}]	{pos_DET,feats_Definite=Def,feats_PronType=Art} {pos_NOUN} {wp_▁de}	12596.0	0.25825234756222576	0
404	[{24, 25, 27, 23}, {3}, {730}]	{lemma_le,pos_DET,feats_Definite=Def,feats_PronType=Art} {pos_NOUN} {wp_▁de}	12592.0	0.25817033665477507	0
321	[{24, 25, 27}, {3}, {17, 18, 730}]	{pos_DET,feats_Definite=Def,feats_PronType=Art} {pos_NOUN} {lemma_de,pos_ADP,wp_▁de}	12589.0	0.2581088284741871	0
410	[{24, 25, 27, 23}, {3}, {17, 18, 730}]	{lemma_le,pos_DET,feats_Definite=Def,feats_PronType=Art} {pos_NOUN} {lemma_de,pos_ADP,wp_▁de}	12585.0	0.2580268175667364	0
63	[{26}, {17, 18}, {5}]	{feats_Gender=Fem} {lemma_de,pos_ADP} {feats_Number=Sing}	12583.0	0.257985812113011	0
259	[{24, 25, 27}, {3}, {728, 17, 18, 730}]	{pos_DET,feats_Definite=Def,feats_PronType=Art} {pos_NOUN} {lemma_de,pos_ADP,feats_de,wp_▁de}	12582.0	0.25796530938614837	0
157	[{24, 25, 27, 23}, {3}, {728, 17, 18, 730}]	{lemma_le,pos_DET,feats_Definite=Def,feats_PronType=Art} {pos_NOUN} {lemma_de,pos_ADP,feats_de,wp_▁de}	12578.0	0.2578832984786977	0
521	[{5}, {5}, {11, 5}]	{feats_Number=Sing} {feats_Number=Sing} {feats_Number=Sing,pos_ADJ}	12537.0	0.2570426866773281	0
470	[{18}, {92}, {4, 92}]	{pos_ADP} {feats_Number=Plur} {feats_Gender=Masc,feats_Number=Plur}	12535.0	0.25700168122360273	0
127	[{24, 27}, {26, 3}, {18}]	{pos_DET,feats_PronType=Art} {pos_NOUN,feats_Gender=Fem} {pos_ADP}	12527.0	0.25683765940870135	0
252	[{24, 27}, {3, 5}, {17, 18}]	{pos_DET,feats_PronType=Art} {pos_NOUN,feats_Number=Sing} {lemma_de,pos_ADP}	12496.0	0.25620207487595853	0
370	[{24, 27, 5}, {3}, {17, 18}]	{feats_Number=Sing,pos_DET,feats_PronType=Art} {pos_NOUN} {lemma_de,pos_ADP}	12492.0	0.25612006396850784	0
362	[{24, 27, 5}, {3, 5}, {17, 18}]	{feats_Number=Sing,pos_DET,feats_PronType=Art} {pos_NOUN,feats_Number=Sing} {lemma_de,pos_ADP}	12487.0	0.25601755033419443	0
313	[{92}, {3, 92}, {92}]	{feats_Number=Plur} {pos_NOUN,feats_Number=Plur} {feats_Number=Plur}	12455.0	0.2553614630745889	0
586	[{18}, {26}, {3}]	{pos_ADP} {feats_Gender=Fem} {pos_NOUN}	12445.0	0.2551564358059622	0
90	[{3, 5}, {18}, {24, 27}]	{pos_NOUN,feats_Number=Sing} {pos_ADP} {pos_DET,feats_PronType=Art}	12416.0	0.2545618567269447	0
366	[{5}, {3}, {105}]	{feats_Number=Sing} {pos_NOUN} {pos_PUNCT}	12414.0	0.25452085127321933	0
66	[{5}, {4}, {5}]	{feats_Number=Sing} {feats_Gender=Masc} {feats_Number=Sing}	12407.0	0.2543773321851806	0
325	[{5}, {5}, {18}, {5}, {5}]	{feats_Number=Sing} {feats_Number=Sing} {pos_ADP} {feats_Number=Sing} {feats_Number=Sing}	12398.0	0.25419280764341656	0
502	[{18}, {5}, {5}, {5}]	{pos_ADP} {feats_Number=Sing} {feats_Number=Sing} {feats_Number=Sing}	12381.0	0.25384426128675114	0
283	[{18}, {26}, {26, 3}]	{pos_ADP} {feats_Gender=Fem} {pos_NOUN,feats_Gender=Fem}	12375.0	0.25372124492557513	0
287	[{5}, {4, 5}, {5}]	{feats_Number=Sing} {feats_Gender=Masc,feats_Number=Sing} {feats_Number=Sing}	12374.0	0.2537007421987124	0
450	[{3}, {18}, {26, 3}]	{pos_NOUN} {pos_ADP} {pos_NOUN,feats_Gender=Fem}	12361.0	0.2534342067494977	0
79	[{3, 5}, {18}, {24}, {3}]	{pos_NOUN,feats_Number=Sing} {pos_ADP} {pos_DET} {pos_NOUN}	12346.0	0.2531266658465576	0
308	[{18}, {5}, {5}, {105}]	{pos_ADP} {feats_Number=Sing} {feats_Number=Sing} {pos_PUNCT}	12335.0	0.2529011358510682	0
169	[{18}, {4, 5, 43, 44, 23, 24, 25, 27}, {5}]	{pos_ADP} {feats_Gender=Masc,feats_Number=Sing,lemma_le,pos_DET,feats_Definite=Def,feats_PronType=Art,dep_le,wp_▁le} {feats_Number=Sing}	12326.0	0.2527166113093041	0
375	[{3}, {18}, {24}, {26}]	{pos_NOUN} {pos_ADP} {pos_DET} {feats_Gender=Fem}	12319.0	0.25257309222126545	0
193	[{24, 27}, {4}, {4}]	{pos_DET,feats_PronType=Art} {feats_Gender=Masc} {feats_Gender=Masc}	12295.0	0.2520810267765613	0
356	[{5}, {18}, {5}, {26}]	{feats_Number=Sing} {pos_ADP} {feats_Number=Sing} {feats_Gender=Fem}	12277.0	0.25171197769303316	0
16	[{18}, {24, 26, 27, 5}, {5}]	{pos_ADP} {feats_Number=Sing,pos_DET,feats_Gender=Fem,feats_PronType=Art} {feats_Number=Sing}	12271.0	0.25158896133185715	0
291	[{18}, {24, 26, 27, 5}, {26}]	{pos_ADP} {feats_Number=Sing,pos_DET,feats_Gender=Fem,feats_PronType=Art} {feats_Gender=Fem}	12267.0	0.25150695042440646	0
422	[{18}, {24, 26, 27, 5}, {26, 5}]	{pos_ADP} {feats_Number=Sing,pos_DET,feats_Gender=Fem,feats_PronType=Art} {feats_Number=Sing,feats_Gender=Fem}	12265.0	0.2514659449706811	0
302	[{3}, {18}, {5}, {26}]	{pos_NOUN} {pos_ADP} {feats_Number=Sing} {feats_Gender=Fem}	12264.0	0.25144544224381843	0
448	[{18}, {880, 881, 23, 24, 25, 27, 92}, {92}]	{pos_ADP} {lemma_le,pos_DET,feats_Definite=Def,feats_PronType=Art,feats_Number=Plur,dep_les,wp_▁les} {feats_Number=Plur}	12257.0	0.2513019231557797	0
233	[{24}, {3}, {26}]	{pos_DET} {pos_NOUN} {feats_Gender=Fem}	12256.0	0.25128142042891705	0
244	[{5}, {18}, {5}, {26, 5}]	{feats_Number=Sing} {pos_ADP} {feats_Number=Sing} {feats_Number=Sing,feats_Gender=Fem}	12255.0	0.2512609177020544	0
144	[{17, 18}, {4}, {4}]	{lemma_de,pos_ADP} {feats_Gender=Masc} {feats_Gender=Masc}	12249.0	0.2511379013408783	0
249	[{18}, {4, 5, 43, 44, 23, 24, 25, 27}, {4}]	{pos_ADP} {feats_Gender=Masc,feats_Number=Sing,lemma_le,pos_DET,feats_Definite=Def,feats_PronType=Art,dep_le,wp_▁le} {feats_Gender=Masc}	12243.0	0.2510148849797023	0
142	[{24}, {5}, {18}, {5}]	{pos_DET} {feats_Number=Sing} {pos_ADP} {feats_Number=Sing}	12231.0	0.25076885225735024	0
489	[{18}, {4, 5, 43, 44, 23, 24, 25, 27}, {4, 5}]	{pos_ADP} {feats_Gender=Masc,feats_Number=Sing,lemma_le,pos_DET,feats_Definite=Def,feats_PronType=Art,dep_le,wp_▁le} {feats_Gender=Masc,feats_Number=Sing}	12227.0	0.25068684134989955	0
457	[{24, 5}, {5}, {18}, {5}]	{feats_Number=Sing,pos_DET} {feats_Number=Sing} {pos_ADP} {feats_Number=Sing}	12222.0	0.2505843277155862	0
203	[{24}, {3}, {92}]	{pos_DET} {pos_NOUN} {feats_Number=Plur}	12221.0	0.2505638249887235	0
462	[{18}, {5, 27, 23, 24, 25, 1271}, {5}]	{pos_ADP} {feats_Number=Sing,lemma_le,pos_DET,feats_Definite=Def,feats_PronType=Art,wp_▁l} {feats_Number=Sing}	12210.0	0.2503382949932341	0
101	[{24, 27}, {3}, {105}]	{pos_DET,feats_PronType=Art} {pos_NOUN} {pos_PUNCT}	12198.0	0.25009226227088205	0
545	[{18}, {26, 5}, {3}]	{pos_ADP} {feats_Number=Sing,feats_Gender=Fem} {pos_NOUN}	12197.0	0.25007175954401933	0
239	[{728, 17, 18, 730}, {24}, {3}]	{lemma_de,pos_ADP,feats_de,wp_▁de} {pos_DET} {pos_NOUN}	1.6408975805839356	20424.0	3218
131	[{730}, {24}, {3}]	{wp_▁de} {pos_DET} {pos_NOUN}	1.640866511161565	20449.0	3222
80	[{17, 18, 730}, {24}, {3}]	{lemma_de,pos_ADP,wp_▁de} {pos_DET} {pos_NOUN}	1.640706027371535	20447.0	3222
596	[{18}, {24, 25, 27, 23}, {4}]	{pos_ADP} {lemma_le,pos_DET,feats_Definite=Def,feats_PronType=Art} {feats_Gender=Masc}	1.6255052981854459	20289.0	3227
589	[{18}, {24, 25, 27}, {4}]	{pos_ADP} {pos_DET,feats_Definite=Def,feats_PronType=Art} {feats_Gender=Masc}	1.6250818267131883	20290.0	3228
543	[{18}, {24, 27}, {3, 4}]	{pos_ADP} {pos_DET,feats_PronType=Art} {pos_NOUN,feats_Gender=Masc}	1.6236175831643551	19964.0	3179
456	[{18}, {24}, {3, 4}]	{pos_ADP} {pos_DET} {pos_NOUN,feats_Gender=Masc}	1.592383166271459	20898.0	3393
439	[{18}, {24, 27}, {4}]	{pos_ADP} {pos_DET,feats_PronType=Art} {feats_Gender=Masc}	1.585266284860331	21522.0	3510
204	[{17}, {24, 27}, {3}]	{lemma_de} {pos_DET,feats_PronType=Art} {pos_NOUN}	1.5740872126616907	20390.0	3349
172	[{17, 18}, {24, 27}, {3}]	{lemma_de,pos_ADP} {pos_DET,feats_PronType=Art} {pos_NOUN}	1.5739328147006644	20388.0	3349
485	[{18}, {24, 27}, {26, 3}]	{pos_ADP} {pos_DET,feats_PronType=Art} {pos_NOUN,feats_Gender=Fem}	1.5669245762674482	19776.0	3263
497	[{18}, {24, 25, 27}, {26}]	{pos_ADP} {pos_DET,feats_Definite=Def,feats_PronType=Art} {feats_Gender=Fem}	1.5624383349107882	19248.0	3185
499	[{18}, {24, 25, 27, 23}, {26}]	{pos_ADP} {lemma_le,pos_DET,feats_Definite=Def,feats_PronType=Art} {feats_Gender=Fem}	1.5622759867878755	19246.0	3185
449	[{18}, {24}, {4}]	{pos_ADP} {pos_DET} {feats_Gender=Masc}	1.56101096039346	22358.0	3703
191	[{18}, {24}, {26, 3}]	{pos_ADP} {pos_DET} {pos_NOUN,feats_Gender=Fem}	1.5495809400158953	20594.0	3436
112	[{17}, {24}, {3}]	{lemma_de} {pos_DET} {pos_NOUN}	1.5489773739118127	21257.0	3548
179	[{17, 18}, {24}, {3}]	{lemma_de,pos_ADP} {pos_DET} {pos_NOUN}	1.5489045048628447	21256.0	3548
477	[{18}, {24, 27}, {26}]	{pos_ADP} {pos_DET,feats_PronType=Art} {feats_Gender=Fem}	1.5482274184654516	20582.0	3437
97	[{17, 18}, {24, 5}, {5}]	{lemma_de,pos_ADP} {feats_Number=Sing,pos_DET} {feats_Number=Sing}	1.5331594462535862	19083.0	3218
148	[{17, 18}, {24}, {5}]	{lemma_de,pos_ADP} {pos_DET} {feats_Number=Sing}	1.5292108091392265	19093.0	3228
118	[{18}, {24}, {26}]	{pos_ADP} {pos_DET} {feats_Gender=Fem}	1.5290533059662503	21368.0	3613
480	[{18}, {5}, {4}]	{pos_ADP} {feats_Number=Sing} {feats_Gender=Masc}	1.5053487110751749	19191.0	3296
507	[{18}, {5}, {4, 5}]	{pos_ADP} {feats_Number=Sing} {feats_Gender=Masc,feats_Number=Sing}	1.4995284372821585	18995.0	3275
145	[{17, 18}, {5}, {5}]	{lemma_de,pos_ADP} {feats_Number=Sing} {feats_Number=Sing}	1.4919953236382983	20400.0	3535
208	[{4}, {18}, {5}]	{feats_Gender=Masc} {pos_ADP} {feats_Number=Sing}	1.4852540580569358	18188.0	3166
57	[{3}, {17, 18}, {5}]	{pos_NOUN} {lemma_de,pos_ADP} {feats_Number=Sing}	1.4650303485808496	18660.0	3293
77	[{18}, {24, 25, 27, 23}, {3}]	{pos_ADP} {lemma_le,pos_DET,feats_Definite=Def,feats_PronType=Art} {pos_NOUN}	1.4642044043543185	25202.0	4450
8	[{18}, {24, 25, 27}, {3}]	{pos_ADP} {pos_DET,feats_Definite=Def,feats_PronType=Art} {pos_NOUN}	1.463933529265885	25203.0	4451
406	[{18}, {24, 25, 27, 23}, {3, 5}]	{pos_ADP} {lemma_le,pos_DET,feats_Definite=Def,feats_PronType=Art} {pos_NOUN,feats_Number=Sing}	1.4515302420743843	21677.0	3861
59	[{18}, {5, 23, 24, 25, 27}, {3, 5}]	{pos_ADP} {feats_Number=Sing,lemma_le,pos_DET,feats_Definite=Def,feats_PronType=Art} {pos_NOUN,feats_Number=Sing}	1.4514632803065164	21676.0	3861
558	[{18}, {5, 23, 24, 25, 27}, {3}]	{pos_ADP} {feats_Number=Sing,lemma_le,pos_DET,feats_Definite=Def,feats_PronType=Art} {pos_NOUN}	1.4513141547333948	21685.0	3863
494	[{18}, {24, 25, 27}, {3, 5}]	{pos_ADP} {pos_DET,feats_Definite=Def,feats_PronType=Art} {pos_NOUN,feats_Number=Sing}	1.4512213371400664	21678.0	3862
405	[{18}, {24, 25, 27, 5}, {3, 5}]	{pos_ADP} {feats_Number=Sing,pos_DET,feats_Definite=Def,feats_PronType=Art} {pos_NOUN,feats_Number=Sing}	1.4511543927108228	21677.0	3862
535	[{18}, {24, 25, 27, 5}, {3}]	{pos_ADP} {feats_Number=Sing,pos_DET,feats_Definite=Def,feats_PronType=Art} {pos_NOUN}	1.451005465610984	21686.0	3864
551	[{18}, {5}, {26}]	{pos_ADP} {feats_Number=Sing} {feats_Gender=Fem}	1.4499647710305374	18799.0	3352
479	[{18}, {24, 27}, {3}]	{pos_ADP} {pos_DET,feats_PronType=Art} {pos_NOUN}	1.449582702912693	26324.0	4695
294	[{5}, {5}, {5}]	{feats_Number=Sing} {feats_Number=Sing} {feats_Number=Sing}	1.4477446307994795	19067.0	3405
279	[{18}, {5}, {26, 5}]	{pos_ADP} {feats_Number=Sing} {feats_Number=Sing,feats_Gender=Fem}	1.443846599480506	18675.0	3344
559	[{18}, {5, 23, 24, 25, 27}, {5}]	{pos_ADP} {feats_Number=Sing,lemma_le,pos_DET,feats_Definite=Def,feats_PronType=Art} {feats_Number=Sing}	1.4425552671612376	23507.0	4213
501	[{18}, {24, 25, 27, 5}, {5}]	{pos_ADP} {feats_Number=Sing,pos_DET,feats_Definite=Def,feats_PronType=Art} {feats_Number=Sing}	1.4422742951912748	23508.0	4214
565	[{18}, {24, 25, 27, 23}, {5}]	{pos_ADP} {lemma_le,pos_DET,feats_Definite=Def,feats_PronType=Art} {feats_Number=Sing}	1.4403112190561953	23515.0	4221
394	[{18}, {24, 25, 27}, {5}]	{pos_ADP} {pos_DET,feats_Definite=Def,feats_PronType=Art} {feats_Number=Sing}	1.4400313109952483	23516.0	4222
451	[{18}, {24}, {3}]	{pos_ADP} {pos_DET} {pos_NOUN}	1.4253407081608411	27036.0	4904
83	[{18}, {24, 27}, {3, 5}]	{pos_ADP} {pos_DET,feats_PronType=Art} {pos_NOUN,feats_Number=Sing}	1.4235331471649957	22718.0	4126
351	[{18}, {24, 27, 5}, {3, 5}]	{pos_ADP} {feats_Number=Sing,pos_DET,feats_PronType=Art} {pos_NOUN,feats_Number=Sing}	1.4234704861408225	22717.0	4126
453	[{18}, {24, 27, 5}, {3}]	{pos_ADP} {feats_Number=Sing,pos_DET,feats_PronType=Art} {pos_NOUN}	1.4233444961939627	22726.0	4128
269	[{18}, {24, 27, 5}, {5}]	{pos_ADP} {feats_Number=Sing,pos_DET,feats_PronType=Art} {feats_Number=Sing}	1.4086196839791618	24485.0	4494
245	[{24, 27}, {3}, {18}]	{pos_DET,feats_PronType=Art} {pos_NOUN} {pos_ADP}	1.408092702223774	19182.0	3522
186	[{18}, {24, 27}, {5}]	{pos_ADP} {pos_DET,feats_PronType=Art} {feats_Number=Sing}	1.4065185774106002	24492.0	4502
550	[{18}, {24, 5}, {3}]	{pos_ADP} {feats_Number=Sing,pos_DET} {pos_NOUN}	1.4031485021536607	23413.0	4314
461	[{18}, {24}, {3, 5}]	{pos_ADP} {pos_DET} {pos_NOUN,feats_Number=Sing}	1.4030542227198526	23406.0	4313
556	[{18}, {24, 5}, {3, 5}]	{pos_ADP} {feats_Number=Sing,pos_DET} {pos_NOUN,feats_Number=Sing}	1.4029942785079959	23405.0	4313
335	[{24}, {3}, {18}]	{pos_DET} {pos_NOUN} {pos_ADP}	1.4023717608095092	19896.0	3668
438	[{3}, {18}, {5}]	{pos_NOUN} {pos_ADP} {feats_Number=Sing}	1.3902111716591836	21955.0	4083
496	[{18}, {24, 5}, {5}]	{pos_ADP} {feats_Number=Sing,pos_DET} {feats_Number=Sing}	1.3892338072994554	25083.0	4668
216	[{18}, {24}, {5}]	{pos_ADP} {pos_DET} {feats_Number=Sing}	1.3875407889142304	25090.0	4675
601	[{18}, {5}, {3}]	{pos_ADP} {feats_Number=Sing} {pos_NOUN}	1.380297804816986	23635.0	4427
136	[{18}, {5}, {3, 5}]	{pos_ADP} {feats_Number=Sing} {pos_NOUN,feats_Number=Sing}	1.3797924938622308	23605.0	4423
340	[{5}, {18}, {5}]	{feats_Number=Sing} {pos_ADP} {feats_Number=Sing}	1.3756349938912737	20086.0	3775
509	[{18}, {5}, {5}]	{pos_ADP} {feats_Number=Sing} {feats_Number=Sing}	1.3694213698842999	26166.0	4940
24	[{3, 5}, {18}, {5}]	{pos_NOUN,feats_Number=Sing} {pos_ADP} {feats_Number=Sing}	1.3575747632705828	16761.0	3192
301	[{5}, {5}, {18}]	{feats_Number=Sing} {feats_Number=Sing} {pos_ADP}	1.3487901574453707	20607.0	3950
318	[{5}, {3}, {18}]	{feats_Number=Sing} {pos_NOUN} {pos_ADP}	1.3419348886305105	16734.0	3224
341	[{5}, {3, 5}, {18}]	{feats_Number=Sing} {pos_NOUN,feats_Number=Sing} {pos_ADP}	1.3402231423684485	16666.0	3215
